case_id,method,run_status,prediction,seconds,pipeline_seconds,input_tokens,output_tokens,pipeline_input_tokens,pipeline_output_tokens,material_hash,law_hash,source_review,B_vs_A,C_vs_B,real_gaps,reference_status
112400,A,OK,PREDICT_DENY,65.86370550002903,65.86370550002903,7750,993,7750,993,a33207dfe5cf71f6a1d65dd838d8d033123566eea94f18792842a871bc204271,333de5281dfde7c96a77a2a0730df33c7305c0d4fad963404d2eef77968fcb48,保留所有权、既有不善意认定和本人路线；却臆称租赁用途明确，并把当前住房不适合扩成全局无替代住房。,无法配对；不把缺失答案记成法律未知。,无法配对。,完整替代住房范围、原租赁目的以及善意标准的详细法源；当前住房不适合已有明确来源，不能说其缺失。,MODEL_ASSISTED_NOT_HUMAN_GOLD
112400,B,SKIPPED,,,232.62533150007948,,,8136,4096,,,SKIPPED：P在4096 tokens截断，答案null。,无法配对；不把缺失答案记成法律未知。,无法配对。,完整替代住房范围、原租赁目的以及善意标准的详细法源；当前住房不适合已有明确来源，不能说其缺失。,MODEL_ASSISTED_NOT_HUMAN_GOLD
112400,C,SKIPPED,,,232.62533150007948,,,8136,4096,,,SKIPPED：同一提议失败，答案null。,无法配对；不把缺失答案记成法律未知。,无法配对。,完整替代住房范围、原租赁目的以及善意标准的详细法源；当前住房不适合已有明确来源，不能说其缺失。,MODEL_ASSISTED_NOT_HUMAN_GOLD
188721101,A,OK,PREDICT_DENY,108.00042583304457,108.00042583304457,10562,1312,10562,1312,5bfb063090bea95150821c258deafde8d950b8f06c99c84721d77c6140c39a49,35cccea0bcac74c14d4ef9f5a91684cffa06635157936ffd8d3fa37a3200c7cb,保留可撤销许可的下级认定、三种转移路线及同意未决；误把起租日写作转移日，反论和父亲安排覆盖不足。,未见净收益；新增明显的C04标签与解释冲突。,基本相同，无可核查的决定性纠错收益。,父亲安排细节、书面同意及目标审理如何处理争议证据；不能抹去已有下级许可认定或相反证言。,MODEL_ASSISTED_NOT_HUMAN_GOLD
188721101,B,OK,PREDICT_DENY,146.84331262507476,419.3159194579348,15228,1412,26176,4894,5bfb063090bea95150821c258deafde8d950b8f06c99c84721d77c6140c39a49,35cccea0bcac74c14d4ef9f5a91684cffa06635157936ffd8d3fa37a3200c7cb,继承提议C04极性矛盾、工资叙述升级及虚构无同意主张；未比A改善。,未见净收益；新增明显的C04标签与解释冲突。,基本相同，无可核查的决定性纠错收益。,父亲安排细节、书面同意及目标审理如何处理争议证据；不能抹去已有下级许可认定或相反证言。,MODEL_ASSISTED_NOT_HUMAN_GOLD
188721101,C,OK,PREDICT_DENY,197.0606660831254,469.53327291598544,25391,1461,36339,4943,5bfb063090bea95150821c258deafde8d950b8f06c99c84721d77c6140c39a49,35cccea0bcac74c14d4ef9f5a91684cffa06635157936ffd8d3fa37a3200c7cb,明确此前认定的上诉地位，但保留B的决定性错误；程序检查未纠正C04矛盾。,未见净收益；新增明显的C04标签与解释冲突。,基本相同，无可核查的决定性纠错收益。,父亲安排细节、书面同意及目标审理如何处理争议证据；不能抹去已有下级许可认定或相反证言。,MODEL_ASSISTED_NOT_HUMAN_GOLD
55384096,A,OK,PREDICT_DENY,129.6306765419431,129.6306765419431,10164,1279,10164,1279,e6dd69c0a2fe156d3e226c4400e08886dad35a0643bf886cef5aef680c1614bc,35cccea0bcac74c14d4ef9f5a91684cffa06635157936ffd8d3fa37a3200c7cb,正确保留部分租赁要素和同意缺口、提到伪造争议；但从家庭协助推得保留法律占有过强，并编造证明责任。,变差；新增决定性来源归属错误。,变差；没有消除旧错误且新增明显内部矛盾。,合伙契约真伪、法律占有性质、书面同意及其举证规则未充分确定。遗孀身份与所述内容已提供，不属来源缺失。,MODEL_ASSISTED_NOT_HUMAN_GOLD
55384096,B,OK,PREDICT_DENY,141.35247579216957,391.3551538751926,12885,1280,23435,4118,e6dd69c0a2fe156d3e226c4400e08886dad35a0643bf886cef5aef680c1614bc,35cccea0bcac74c14d4ef9f5a91684cffa06635157936ffd8d3fa37a3200c7cb,新增把房东主张升级为法院认定和无文件即无同意；同一占有既完全剥夺又保留，未处理冲突。,变差；新增决定性来源归属错误。,变差；没有消除旧错误且新增明显内部矛盾。,合伙契约真伪、法律占有性质、书面同意及其举证规则未充分确定。遗孀身份与所述内容已提供，不属来源缺失。,MODEL_ASSISTED_NOT_HUMAN_GOLD
55384096,C,OK,PREDICT_DENY,163.44885449996218,413.45153258298524,18680,1314,29230,4152,e6dd69c0a2fe156d3e226c4400e08886dad35a0643bf886cef5aef680c1614bc,35cccea0bcac74c14d4ef9f5a91684cffa06635157936ffd8d3fa37a3200c7cb,保留B错误，新增C06反向标签及租户举证责任断言。,变差；新增决定性来源归属错误。,变差；没有消除旧错误且新增明显内部矛盾。,合伙契约真伪、法律占有性质、书面同意及其举证规则未充分确定。遗孀身份与所述内容已提供，不属来源缺失。,MODEL_ASSISTED_NOT_HUMAN_GOLD
52547606,A,OK,PREDICT_DENY,136.56884366692975,136.56884366692975,10090,1391,10090,1391,f876d9bafe817ff4fdd8ba6f1f6a4f52cd2cc0523eb79d854e6cb4632c9c1327,35cccea0bcac74c14d4ef9f5a91684cffa06635157936ffd8d3fa37a3200c7cb,保留原租户身份和租户抗辩；遗漏ARCT相反认定，日期无依据判满足，混同知悉与同意。,有具体局部收益，但未形成可靠完整分析，不能认定整体胜出。,混合变化，没有明确净收益。,起租或处置相对1952的日期、是否取得书面同意、两阶段认定冲突的目标审理处理；房产属于这些租赁 premises 有来源。,MODEL_ASSISTED_NOT_HUMAN_GOLD
52547606,B,OK,PREDICT_DENY,153.4866792091634,353.80949083413,12005,1433,22481,3601,f876d9bafe817ff4fdd8ba6f1f6a4f52cd2cc0523eb79d854e6cb4632c9c1327,35cccea0bcac74c14d4ef9f5a91684cffa06635157936ffd8d3fa37a3200c7cb,恢复两法院冲突，日期与书面同意处理更谨慎；仍无依据偏选ARC，新增房产范围假缺口。,有具体局部收益，但未形成可靠完整分析，不能认定整体胜出。,混合变化，没有明确净收益。,起租或处置相对1952的日期、是否取得书面同意、两阶段认定冲突的目标审理处理；房产属于这些租赁 premises 有来源。,MODEL_ASSISTED_NOT_HUMAN_GOLD
52547606,C,OK,PREDICT_DENY,179.80529279191978,380.12810441688634,15916,1541,26392,3709,f876d9bafe817ff4fdd8ba6f1f6a4f52cd2cc0523eb79d854e6cb4632c9c1327,35cccea0bcac74c14d4ef9f5a91684cffa06635157936ffd8d3fa37a3200c7cb,保留日期未知，assignment改未决；重新混淆同意归属，未更好处理ARCT反论与法律路线。,有具体局部收益，但未形成可靠完整分析，不能认定整体胜出。,混合变化，没有明确净收益。,起租或处置相对1952的日期、是否取得书面同意、两阶段认定冲突的目标审理处理；房产属于这些租赁 premises 有来源。,MODEL_ASSISTED_NOT_HUMAN_GOLD
