case_id,method,run_status,prediction,seconds,pipeline_seconds,input_tokens,output_tokens,pipeline_input_tokens,pipeline_output_tokens,material_hash,law_hash
112400,A,OK,PREDICT_DENY,65.86370550002903,65.86370550002903,7750,993,7750,993,a33207dfe5cf71f6a1d65dd838d8d033123566eea94f18792842a871bc204271,333de5281dfde7c96a77a2a0730df33c7305c0d4fad963404d2eef77968fcb48
112400,B,SKIPPED,,,232.62533150007948,,,8136,4096,,
112400,C,SKIPPED,,,232.62533150007948,,,8136,4096,,
188721101,A,OK,PREDICT_DENY,108.00042583304457,108.00042583304457,10562,1312,10562,1312,5bfb063090bea95150821c258deafde8d950b8f06c99c84721d77c6140c39a49,35cccea0bcac74c14d4ef9f5a91684cffa06635157936ffd8d3fa37a3200c7cb
188721101,B,OK,PREDICT_DENY,146.84331262507476,419.3159194579348,15228,1412,26176,4894,5bfb063090bea95150821c258deafde8d950b8f06c99c84721d77c6140c39a49,35cccea0bcac74c14d4ef9f5a91684cffa06635157936ffd8d3fa37a3200c7cb
188721101,C,OK,PREDICT_DENY,197.0606660831254,469.53327291598544,25391,1461,36339,4943,5bfb063090bea95150821c258deafde8d950b8f06c99c84721d77c6140c39a49,35cccea0bcac74c14d4ef9f5a91684cffa06635157936ffd8d3fa37a3200c7cb
55384096,A,OK,PREDICT_DENY,129.6306765419431,129.6306765419431,10164,1279,10164,1279,e6dd69c0a2fe156d3e226c4400e08886dad35a0643bf886cef5aef680c1614bc,35cccea0bcac74c14d4ef9f5a91684cffa06635157936ffd8d3fa37a3200c7cb
55384096,B,OK,PREDICT_DENY,141.35247579216957,391.3551538751926,12885,1280,23435,4118,e6dd69c0a2fe156d3e226c4400e08886dad35a0643bf886cef5aef680c1614bc,35cccea0bcac74c14d4ef9f5a91684cffa06635157936ffd8d3fa37a3200c7cb
55384096,C,OK,PREDICT_DENY,163.44885449996218,413.45153258298524,18680,1314,29230,4152,e6dd69c0a2fe156d3e226c4400e08886dad35a0643bf886cef5aef680c1614bc,35cccea0bcac74c14d4ef9f5a91684cffa06635157936ffd8d3fa37a3200c7cb
52547606,A,OK,PREDICT_DENY,136.56884366692975,136.56884366692975,10090,1391,10090,1391,f876d9bafe817ff4fdd8ba6f1f6a4f52cd2cc0523eb79d854e6cb4632c9c1327,35cccea0bcac74c14d4ef9f5a91684cffa06635157936ffd8d3fa37a3200c7cb
52547606,B,OK,PREDICT_DENY,153.4866792091634,353.80949083413,12005,1433,22481,3601,f876d9bafe817ff4fdd8ba6f1f6a4f52cd2cc0523eb79d854e6cb4632c9c1327,35cccea0bcac74c14d4ef9f5a91684cffa06635157936ffd8d3fa37a3200c7cb
52547606,C,OK,PREDICT_DENY,179.80529279191978,380.12810441688634,15916,1541,26392,3709,f876d9bafe817ff4fdd8ba6f1f6a4f52cd2cc0523eb79d854e6cb4632c9c1327,35cccea0bcac74c14d4ef9f5a91684cffa06635157936ffd8d3fa37a3200c7cb
