case_id,question_id,method,reference_status,answer_status,run_status,comparison,evidence_located,uncertainty_origin
661475,Q1,A,UNKNOWN,UNKNOWN,OK,STATUS_AGREEMENT_ONLY,,REFERENCE_ALSO_UNKNOWN
661475,Q2,A,UNKNOWN,SUPPORTED,OK,STATUS_DISAGREEMENT,True,
661475,Q3,A,SUPPORTED,SUPPORTED,OK,STATUS_AGREEMENT_ONLY,True,
661475,Q1,B,UNKNOWN,UNKNOWN,OK,STATUS_AGREEMENT_ONLY,,REFERENCE_ALSO_UNKNOWN
661475,Q2,B,UNKNOWN,UNKNOWN,OK,STATUS_AGREEMENT_ONLY,,REFERENCE_ALSO_UNKNOWN
661475,Q3,B,SUPPORTED,UNKNOWN,OK,STATUS_DISAGREEMENT,,METHOD_INCOMPLETE_RELATIVE_REFERENCE
69305,Q1,A,SUPPORTED,SUPPORTED,OK,STATUS_AGREEMENT_ONLY,True,
69305,Q2,A,UNKNOWN,SUPPORTED,OK,STATUS_DISAGREEMENT,False,
69305,Q3,A,UNKNOWN,UNKNOWN,OK,STATUS_AGREEMENT_ONLY,True,REFERENCE_ALSO_UNKNOWN
69305,Q1,B,SUPPORTED,SUPPORTED,OK,STATUS_AGREEMENT_ONLY,True,
69305,Q2,B,UNKNOWN,UNKNOWN,OK,STATUS_AGREEMENT_ONLY,,REFERENCE_ALSO_UNKNOWN
69305,Q3,B,UNKNOWN,UNKNOWN,OK,STATUS_AGREEMENT_ONLY,,REFERENCE_ALSO_UNKNOWN
1134266,Q1,A,REFUTED,UNKNOWN,OK,STATUS_DISAGREEMENT,True,METHOD_INCOMPLETE_RELATIVE_REFERENCE
1134266,Q2,A,UNKNOWN,REFUTED,OK,STATUS_DISAGREEMENT,False,
1134266,Q3,A,UNKNOWN,UNKNOWN,OK,STATUS_AGREEMENT_ONLY,True,REFERENCE_ALSO_UNKNOWN
1134266,Q1,B,REFUTED,UNKNOWN,OK,STATUS_DISAGREEMENT,,METHOD_INCOMPLETE_RELATIVE_REFERENCE
1134266,Q2,B,UNKNOWN,REFUTED,OK,STATUS_DISAGREEMENT,True,
1134266,Q3,B,UNKNOWN,REFUTED,OK,STATUS_DISAGREEMENT,True,
