case,method,known_usable_selected,known_unusable_selected,known_usable_total,unlabelled_selected,selected_count,selected_hash,requests,true_conditional_or_explicit,unknown,invalid,open_uncomputed,not_selected,legal_approval,answer_path
789051,Simple,6,0,12,0,6,32ac766a2407b9bd898d0aed975e0b79968e24a2ecef1eb6b43c0f64603e8d3c,4,0,2,2,0,0,False,outputs/proof-carrying-graph-integration-v8/results/Simple/789051/analysis.json
789051,RulePrior,1,5,12,0,6,3d3a700b37f7c53daaa60869f3b654f8aab2b65d15d86657883113484c9a214a,4,0,1,1,0,2,False,outputs/proof-carrying-graph-integration-v8/results/RulePrior/789051/analysis.json
1418721,Simple,5,1,5,0,6,a5aa32eadddbe4fb1b54ca8a41b4a023d9fe4917c02da12cf58d869a4e87b145,4,2,0,0,1,1,False,outputs/proof-carrying-graph-integration-v8/results/Simple/1418721/analysis.json
1418721,RulePrior,1,5,5,0,6,25e34e44cd9290b336ab5a35b5aa4561116c0712e9a37761f37456bb2afee9ab,4,0,2,0,1,1,False,outputs/proof-carrying-graph-integration-v8/results/RulePrior/1418721/analysis.json
1841885,Simple,5,1,8,0,6,620b31cad6f54153b5d0c3ce727c3bc2ecb1f8dccba58580d21632c8b3c230ae,5,1,0,2,1,1,False,outputs/proof-carrying-graph-integration-v8/results/Simple/1841885/analysis.json
1841885,RulePrior,1,5,8,0,6,da9cb419e483340d7f0c8626d1bc5022af83fbb646c5e71892034c62af11f5f1,5,0,0,2,0,3,False,outputs/proof-carrying-graph-integration-v8/results/RulePrior/1841885/analysis.json
840688,Simple,1,5,1,0,6,f25bfc10328174b6a1d184ad8f8fba4a2ef7b9213515a69a2abb065587b739e7,2,0,0,2,0,0,False,outputs/proof-carrying-graph-integration-v8/results/Simple/840688/analysis.json
840688,RulePrior,0,6,1,0,6,6027d75bb2a530527331e98aa91f9f283076b311fd62d131dd8b9b581fb6af5d,2,0,0,2,0,0,False,outputs/proof-carrying-graph-integration-v8/results/RulePrior/840688/analysis.json
161859415,Simple,1,2,1,3,6,d333f5bfbbcb4d9dc573e68bc091a39b5dda6005919d63ef47cf1f673ec565ae,2,0,0,0,2,0,False,outputs/proof-carrying-graph-integration-v8/results/Simple/161859415/analysis.json
161859415,RulePrior,0,4,1,2,6,12ea853662bc38853b5c432bca1e2b8a481907eda3f2836d001964d3ef9c77e4,2,0,0,1,1,0,False,outputs/proof-carrying-graph-integration-v8/results/RulePrior/161859415/analysis.json
74028,Simple,3,1,3,2,6,03a6a64ad049cf50ea00658c1e038810f4f67529bf8ba4f09b0694b551c23960,2,0,0,2,0,0,False,outputs/proof-carrying-graph-integration-v8/results/Simple/74028/analysis.json
74028,RulePrior,0,2,3,4,6,c5c59405d43724364909f214d0d6bf1cfeca24f0dbf04dcbab0f619382dc7a6f,2,0,0,2,0,0,False,outputs/proof-carrying-graph-integration-v8/results/RulePrior/74028/analysis.json
522414,Simple,2,4,3,0,6,7ffa1742ea81fc898b3afac3d247c6841a7454cf4aec853bbdedd93fc3df1d95,2,2,0,0,0,0,False,outputs/proof-carrying-graph-integration-v8/results/Simple/522414/analysis.json
522414,RulePrior,0,6,3,0,6,2f398599be54d042018c4e493ffe14c6db3e9dd47abf92ca20af5a76e9651565,2,0,0,2,0,0,False,outputs/proof-carrying-graph-integration-v8/results/RulePrior/522414/analysis.json
1144022,Simple,0,6,0,0,6,29401b5cc0036ddc9ddaec7cfcc00b9a2a670daee409da5fbe62500b5ddbb218,2,0,0,2,0,0,False,outputs/proof-carrying-graph-integration-v8/results/Simple/1144022/analysis.json
1144022,RulePrior,0,6,0,0,6,ab85c108d7d899a4afbc5bd533bbd3973332819e58465c253c27dddd5352e5d7,2,0,0,2,0,0,False,outputs/proof-carrying-graph-integration-v8/results/RulePrior/1144022/analysis.json
789051,Flat-20261001,6,0,12,0,6,24219d118778f7423ae0039e4fae97fdcdd1cc62078cfcc4247406cd7113c686,4,0,2,2,0,0,False,outputs/proof-carrying-graph-integration-v8/results/Flat-20261001/789051/analysis.json
1841885,Flat-20261001,5,1,8,0,6,fa506629bdca318c74e04377647fcec20f7f920021c1bf75677d210481243e52,5,1,1,1,1,1,False,outputs/proof-carrying-graph-integration-v8/results/Flat-20261001/1841885/analysis.json
161859415,Flat-20261001,1,2,1,3,6,16c217364a1a27c4b289364a48647dd2cdea5243eebcfaba4f8a5d9107ec17ce,2,0,0,0,2,0,False,outputs/proof-carrying-graph-integration-v8/results/Flat-20261001/161859415/analysis.json
522414,Flat-20261001,2,4,3,0,6,275891a445ccd45ffed918871d8072edd76b2b40c4740ce153f848e8c5314a1d,2,2,0,0,0,0,False,outputs/proof-carrying-graph-integration-v8/results/Flat-20261001/522414/analysis.json
789051,RGCN-20261001,6,0,12,0,6,f869a599a6c2d964f7ca029e9319176eeecf45f044db729e8e3c9abed27382c5,4,0,3,0,0,1,False,outputs/proof-carrying-graph-integration-v8/results/RGCN-20261001/789051/analysis.json
1841885,RGCN-20261001,5,1,8,0,6,1b079b2cd02e694c551d00b74cf37ca579add12c79877227259fc52f6206be15,5,0,0,3,3,1,False,outputs/proof-carrying-graph-integration-v8/results/RGCN-20261001/1841885/analysis.json
161859415,RGCN-20261001,1,2,1,3,6,16c217364a1a27c4b289364a48647dd2cdea5243eebcfaba4f8a5d9107ec17ce,2,0,0,0,2,0,False,outputs/proof-carrying-graph-integration-v8/results/RGCN-20261001/161859415/analysis.json
522414,RGCN-20261001,2,4,3,0,6,9eabdcb9f89c73fd3cb27722fccdb54f01f789222c3716902765aa03beda42bc,2,2,0,0,0,0,False,outputs/proof-carrying-graph-integration-v8/results/RGCN-20261001/522414/analysis.json
789051,Flat-20261002,6,0,12,0,6,9b6abbbcd18b5732751e871dc801c1c000824f7635408e176f2f7241abfe5dd4,4,0,3,0,0,1,False,outputs/proof-carrying-graph-integration-v8/results/Flat-20261002/789051/analysis.json
1841885,Flat-20261002,5,1,8,0,6,6953400dad49b31211fd39247a275bce59132c9d22016dea5429d83d6310c129,5,1,1,1,1,1,False,outputs/proof-carrying-graph-integration-v8/results/Flat-20261002/1841885/analysis.json
161859415,Flat-20261002,1,2,1,3,6,e407418de835cfde2d17d9054da0acbddda8b650b050a91b0585d93293610e2a,2,0,0,0,2,0,False,outputs/proof-carrying-graph-integration-v8/results/Flat-20261002/161859415/analysis.json
522414,Flat-20261002,2,4,3,0,6,275891a445ccd45ffed918871d8072edd76b2b40c4740ce153f848e8c5314a1d,2,2,0,0,0,0,False,outputs/proof-carrying-graph-integration-v8/results/Flat-20261002/522414/analysis.json
789051,RGCN-20261002,6,0,12,0,6,adb16026237624ec5ca95dcd63ff20f87203c5b5e341b4d7df6201a691e1b717,4,0,3,0,0,1,False,outputs/proof-carrying-graph-integration-v8/results/RGCN-20261002/789051/analysis.json
1841885,RGCN-20261002,6,0,8,0,6,90f20e5820a34714d3b135f3c0027293df16a02e137b32f3249d115076a29c1e,5,1,0,3,0,1,False,outputs/proof-carrying-graph-integration-v8/results/RGCN-20261002/1841885/analysis.json
161859415,RGCN-20261002,1,2,1,3,6,16c217364a1a27c4b289364a48647dd2cdea5243eebcfaba4f8a5d9107ec17ce,2,0,0,0,2,0,False,outputs/proof-carrying-graph-integration-v8/results/RGCN-20261002/161859415/analysis.json
522414,RGCN-20261002,2,4,3,0,6,391858ba26679cb202730a40ef477cd158a3223a6ec767de3fd3cbe1d0401ae9,2,2,0,0,0,0,False,outputs/proof-carrying-graph-integration-v8/results/RGCN-20261002/522414/analysis.json
789051,Flat-20261003,6,0,12,0,6,745fc6d08371bcfb6c8d8b75292bfbcad3afff752cc834d0b0e231feac6beb82,4,0,3,0,0,1,False,outputs/proof-carrying-graph-integration-v8/results/Flat-20261003/789051/analysis.json
1841885,Flat-20261003,6,0,8,0,6,90359d5bda2776c4d21883f490b17c3a0e70305f640d96c1eeaf1e1cc2cbb100,5,1,1,1,1,1,False,outputs/proof-carrying-graph-integration-v8/results/Flat-20261003/1841885/analysis.json
161859415,Flat-20261003,1,2,1,3,6,d4aa812392f6e2331f29b2141cae999d5819437f467963f3136c9ba882ea7f4f,2,0,0,0,2,0,False,outputs/proof-carrying-graph-integration-v8/results/Flat-20261003/161859415/analysis.json
522414,Flat-20261003,2,4,3,0,6,434461d1bc878cbb93e294ffd404a51b7c9cd4f206ba2a22fb6624519a17f04b,2,2,0,0,0,0,False,outputs/proof-carrying-graph-integration-v8/results/Flat-20261003/522414/analysis.json
789051,RGCN-20261003,6,0,12,0,6,bfdd26a585323dfe9594ec15a79b53c4cce9043f0f35379534a899cb5e8173c7,4,0,2,2,0,0,False,outputs/proof-carrying-graph-integration-v8/results/RGCN-20261003/789051/analysis.json
1841885,RGCN-20261003,6,0,8,0,6,886722ce7afcc31920270bde4a817cf80df650e054c32e6a9ddf043687443e7f,5,1,0,3,1,0,False,outputs/proof-carrying-graph-integration-v8/results/RGCN-20261003/1841885/analysis.json
161859415,RGCN-20261003,1,2,1,3,6,16c217364a1a27c4b289364a48647dd2cdea5243eebcfaba4f8a5d9107ec17ce,2,0,0,0,2,0,False,outputs/proof-carrying-graph-integration-v8/results/RGCN-20261003/161859415/analysis.json
522414,RGCN-20261003,2,4,3,0,6,ad7524f303106a63b437d8a737772689c577b604bdd2957eeeeb8f52436d280a,2,2,0,0,0,0,False,outputs/proof-carrying-graph-integration-v8/results/RGCN-20261003/522414/analysis.json
1418721,Flat-20261001,5,0,5,1,6,2912c08bca51e9683edd944d328ddc44792f2e934baff7f98553b95e07d17568,4,2,0,0,2,0,False,outputs/proof-carrying-graph-integration-v8/results/Flat-20261001/1418721/analysis.json
840688,Flat-20261001,1,5,1,0,6,1a8d1878e79d78ec1eafcba5ca7ece26e23948501a18b609448e6bab3c5c60b9,2,0,0,2,0,0,False,outputs/proof-carrying-graph-integration-v8/results/Flat-20261001/840688/analysis.json
74028,Flat-20261001,3,1,3,2,6,01b99f589c46ee9876868d78038bf877c64aaec4111f31a5775bc7a3d026a437,2,0,0,2,0,0,False,outputs/proof-carrying-graph-integration-v8/results/Flat-20261001/74028/analysis.json
1144022,Flat-20261001,0,6,0,0,6,935d0aec6b4583c73f302f69892b417f842af655991ec13658e099101ab8e2ba,2,0,0,2,0,0,False,outputs/proof-carrying-graph-integration-v8/results/Flat-20261001/1144022/analysis.json
1418721,RGCN-20261001,5,0,5,1,6,b9178648957a603e57d297ede19682e29929991234aceac1d767a39ef49db5c8,4,2,0,0,1,1,False,outputs/proof-carrying-graph-integration-v8/results/RGCN-20261001/1418721/analysis.json
840688,RGCN-20261001,1,5,1,0,6,c6953bb7fc895590adf7f5747186a78dd4979b44f10bdbd4f2b20b89095f788b,2,0,0,2,0,0,False,outputs/proof-carrying-graph-integration-v8/results/RGCN-20261001/840688/analysis.json
74028,RGCN-20261001,3,1,3,2,6,01b99f589c46ee9876868d78038bf877c64aaec4111f31a5775bc7a3d026a437,2,0,0,2,0,0,False,outputs/proof-carrying-graph-integration-v8/results/RGCN-20261001/74028/analysis.json
1144022,RGCN-20261001,0,6,0,0,6,14977d8783062da67c86a59bc50acf51d208486b90d6779748368b92b23d5d09,2,0,0,2,0,0,False,outputs/proof-carrying-graph-integration-v8/results/RGCN-20261001/1144022/analysis.json
1418721,Flat-20261002,5,0,5,1,6,2912c08bca51e9683edd944d328ddc44792f2e934baff7f98553b95e07d17568,4,2,0,0,2,0,False,outputs/proof-carrying-graph-integration-v8/results/Flat-20261002/1418721/analysis.json
840688,Flat-20261002,1,5,1,0,6,381f2d4adcd7e70a38ab79544cb090f8df79e14c7dca82ef82424ee550fcf04b,2,0,0,2,0,0,False,outputs/proof-carrying-graph-integration-v8/results/Flat-20261002/840688/analysis.json
74028,Flat-20261002,3,1,3,2,6,4a0f1dcf442ddf610ad1ce936e472204302e5dabd6798b7ad199bd8aefb51f30,2,0,0,2,0,0,False,outputs/proof-carrying-graph-integration-v8/results/Flat-20261002/74028/analysis.json
1144022,Flat-20261002,0,6,0,0,6,eea61bd08374b8b622ce8c98e739d3a6ba692f29f4e292605eed7573b35367da,2,0,0,2,0,0,False,outputs/proof-carrying-graph-integration-v8/results/Flat-20261002/1144022/analysis.json
1418721,RGCN-20261002,5,0,5,1,6,c02241242699db49d6a71924832c2da1dc873e621f758444eb8cac487e38b215,4,2,0,0,1,1,False,outputs/proof-carrying-graph-integration-v8/results/RGCN-20261002/1418721/analysis.json
840688,RGCN-20261002,1,5,1,0,6,d98e191cfa312531f78cd9f0d7e2c9bca86cadc836e8cabb45c23b1dc73ae4b7,2,0,0,2,0,0,False,outputs/proof-carrying-graph-integration-v8/results/RGCN-20261002/840688/analysis.json
74028,RGCN-20261002,3,1,3,2,6,823ad7f44f4fa77a1f060dcdbe069ce74b16804a09aee219d6ff3cb0f1a53b61,2,0,0,2,0,0,False,outputs/proof-carrying-graph-integration-v8/results/RGCN-20261002/74028/analysis.json
1144022,RGCN-20261002,0,6,0,0,6,8fab3df151764dc51bcff27a4116d03aa9d27e977ac1ca7864b7eb073d08a64e,2,0,0,2,0,0,False,outputs/proof-carrying-graph-integration-v8/results/RGCN-20261002/1144022/analysis.json
1418721,Flat-20261003,5,0,5,1,6,2912c08bca51e9683edd944d328ddc44792f2e934baff7f98553b95e07d17568,4,2,0,0,2,0,False,outputs/proof-carrying-graph-integration-v8/results/Flat-20261003/1418721/analysis.json
840688,Flat-20261003,1,5,1,0,6,9f1bc07f253d68e32db21d7e6e156a0f6bfc9b9abb8a3bb7fccdf142fcad0504,2,0,0,2,0,0,False,outputs/proof-carrying-graph-integration-v8/results/Flat-20261003/840688/analysis.json
74028,Flat-20261003,3,1,3,2,6,01b99f589c46ee9876868d78038bf877c64aaec4111f31a5775bc7a3d026a437,2,0,0,2,0,0,False,outputs/proof-carrying-graph-integration-v8/results/Flat-20261003/74028/analysis.json
1144022,Flat-20261003,0,6,0,0,6,9a810b6945256f7a6045e1e241435c32078345eceaf69f7ddfd893bb55004797,2,0,0,2,0,0,False,outputs/proof-carrying-graph-integration-v8/results/Flat-20261003/1144022/analysis.json
1418721,RGCN-20261003,5,0,5,1,6,23fa5f7d02c1c9abdd8057a68d39afba6333a35095162733d834823136f84530,4,2,0,0,2,0,False,outputs/proof-carrying-graph-integration-v8/results/RGCN-20261003/1418721/analysis.json
840688,RGCN-20261003,1,5,1,0,6,13519f8d26347de42cbeccb7f1d1ac2e1983d5ae89d81eff67609d540dc355fc,2,0,0,2,0,0,False,outputs/proof-carrying-graph-integration-v8/results/RGCN-20261003/840688/analysis.json
74028,RGCN-20261003,3,1,3,2,6,1538d7e24c8b3621835cacbacef3a2cb884f8752e3b40f00302f1296431b3ee1,2,0,0,2,0,0,False,outputs/proof-carrying-graph-integration-v8/results/RGCN-20261003/74028/analysis.json
1144022,RGCN-20261003,0,6,0,0,6,935d0aec6b4583c73f302f69892b417f842af655991ec13658e099101ab8e2ba,2,0,0,2,0,0,False,outputs/proof-carrying-graph-integration-v8/results/RGCN-20261003/1144022/analysis.json
