case_id,label_interface,graph_interface,paired_interface,new_known,new_isolated,new_unknown,graph_quarantined,graph_pending
38604742,True,True,True,16,0,0,32,9
308216,True,True,True,14,2,0,3,7
1106992,False,True,False,0,0,0,2,5
758831,True,True,True,16,0,0,1,0
1497837,True,True,True,16,0,0,16,2
1381386,True,True,True,12,4,0,15,5
115676081,True,True,True,14,2,0,5,5
1843439,True,True,True,16,0,0,20,1
1859043,True,True,True,16,0,0,3,0
111425525,True,True,True,13,3,0,15,7
68065690,True,True,True,30,0,0,1,3
50313565,True,True,True,30,0,0,0,4
186379114,True,True,True,30,0,0,0,1
188721101,True,True,True,30,0,0,0,0
190527224,True,True,True,30,0,0,0,3
69998629,True,True,True,30,0,0,0,4
133241208,True,True,True,21,9,0,0,4
68096693,True,True,True,30,0,0,0,4
52547606,True,True,True,20,10,0,0,3
191402169,True,True,True,30,0,0,0,5
183917167,True,True,True,30,0,0,0,6
489898,True,True,True,30,0,0,0,5
14884716,True,True,True,30,0,0,0,2
125596702,False,True,False,0,0,0,0,3
84524189,True,True,True,30,0,0,0,5
55384096,True,True,True,30,0,0,0,3
33810117,True,False,False,30,0,0,0,0
