screening_order,case_id,title,source_kind,decision,reason_code,reason_zh,evidence_file
1,163023636,"Thankamony Amma vs Omana Amma N. on 13 August, 2019",EXISTING_SEGMENTS,EXCLUDED,STATUTE_AND_ISSUE_MISMATCH,喀拉拉影院房产、继承与土地改革／耕作租户问题，不是公司合并后的Delhi第14(1)(b)租赁权转移。,sources/163023636-screening-evidence.json
2,1556317,"Siddalingamma And Anr vs Mamtha Shenoy on 18 October, 2001",EXISTING_SEGMENTS,EXCLUDED,STATUTE_AND_ISSUE_MISMATCH,Karnataka第21(1)(h)条的合理自用需要，不是本轮公司继受争点。,sources/1556317-screening-evidence.json
3,1706097,"Indian Iron & Steel Co. Ltd vs Biswanath Sonar on 22 March, 1966",EXISTING_SEGMENTS,EXCLUDED,STATUTE_AND_ISSUE_MISMATCH,Bengal非农业租赁法第9条的通知期限和月租关系；公司名称不等于公司合并争点。,sources/1706097-screening-evidence.json
4,1381639,"D.Devaji vs K.Sudarashana Rao on 7 October, 1993",EXISTING_SEGMENTS,EXCLUDED,STATUTE_AND_ISSUE_MISMATCH,Andhra Pradesh非住宅房产的合理自用需要及第10(3)(a)(iii)条。,sources/1381639-screening-evidence.json
5,1999403,"Mahadeolal Kanodia vs The Administrator-General Ofwest ... on 20 April, 1960",EXISTING_SEGMENTS,EXCLUDED,STATUTE_AND_ISSUE_MISMATCH,Calcutta Thika租赁法修法追溯效力及执行问题。,sources/1999403-screening-evidence.json
6,1773971,"Inder Mohan Lal vs Ramesh Khanna on 4 August, 1987",EXISTING_SEGMENTS,EXCLUDED,ISSUE_MISMATCH,Delhi第21条限期租赁许可及许可效力；不是公司合并后的第14(1)(b)请求。,sources/1773971-screening-evidence.json
7,182991489,"Charanjit Lal Mehra & Ors vs Smt.Kamal Saroj Mahajan&Anr on 11 March, 2005",EXISTING_SEGMENTS,EXCLUDED,REQUEST_AND_ISSUE_MISMATCH,共同租户、承认事实判决和普通民事腾退，不是公司合并继受争点。,sources/182991489-screening-evidence.json
8,1966362,"Subhash Chandra vs Mohammad Sharit And Ors on 19 December, 1989",EXISTING_SEGMENTS,EXCLUDED,STATUTE_AND_ISSUE_MISMATCH,Madhya Pradesh房东权属、买卖及租户禁反言问题。,sources/1966362-screening-evidence.json
9,1272131,"Budh Ram vs Ralla Ram Deceased Through Lrs on 19 August, 1987",EXISTING_SEGMENTS,EXCLUDED,STATUTE_AND_ISSUE_MISMATCH,East Punjab第13条欠租及首次开庭付款问题。,sources/1272131-screening-evidence.json
10,769335,"Gauri Shanker vs Hindustan Trust (Pvt.) Ltd. And Ors. on 27 April, 1972",EXISTING_SEGMENTS,EXCLUDED,REQUEST_AND_ISSUE_MISMATCH,财产分割、租户承认新房东及禁令问题；公司作为租户并不构成合并争点。,sources/769335-screening-evidence.json
11,44900068,"Trilok Singh Chauhan vs Ram Lal (Dead) Thr. Lrs. on 11 December, 2017",EXISTING_SEGMENTS,EXCLUDED,STATUTE_AND_ISSUE_MISMATCH,Rishikesh／Uttar Pradesh小额诉讼欠租和租金数额争议。,sources/44900068-screening-evidence.json
12,101302,"B. V. Patankar And Others vs C. G. Sastry on 8 September, 1960",EXISTING_SEGMENTS,EXCLUDED,STATUTE_AND_PROCEDURE_MISMATCH,Mysore房屋租赁及执行、恢复占有管辖问题。,sources/101302-screening-evidence.json
13,1883249,"Firm Ishardas Devi Chand & Anr vs R. B. Parkash Chand & Anr on 13 February, 1969",EXISTING_SEGMENTS,EXCLUDED,REQUEST_AND_PROCEDURE_MISMATCH,Amritsar案件的CPC第39条禁令上诉问题。,sources/1883249-screening-evidence.json
14,243457,"Ganga Dutt Murarka vs Kartik Chandra Das And Others on 10 February, 1961",EXISTING_SEGMENTS,EXCLUDED,STATUTE_AND_ISSUE_MISMATCH,Calcutta租赁期满后收租、继续占有和TPA第106／116条。,sources/243457-screening-evidence.json
15,209994,"Upper India Cable Co. And Ors. vs Bal Kishan on 7 March, 1984",EXISTING_SEGMENTS,EXCLUDED,REQUEST_AND_PROCEDURE_MISMATCH,Agra合伙人死亡后的上诉失效和必要当事人问题；不是公司合并。,sources/209994-screening-evidence.json
16,92569,"Bharat Sewa Sansthan vs U. P. Electronics Corporation Limited on 29 August, 2007",EXISTING_SEGMENTS,EXCLUDED,STATUTE_AND_PROCEDURE_MISMATCH,Lucknow租约及仲裁转介争议；不是Delhi公司继受腾退条件。,sources/92569-screening-evidence.json
17,197892008,Subhash Chand Goel & Ors v Hans Raj Gupta & Co Pvt Ltd,NEW_PRIMARY_WEB_RENDERING,SCOPE_COMPATIBLE_INPUT_NOT_FROZEN,COMPANY_PROPOSED_AMALGAMATION,DISPL合并进入HRGPL是否构成第14(1)(b)条转租／转移占有；另有时效争点，任务尚未从完整判决切出。,sources/197892008-scope-evidence.json
18,65127929,Ms Asiya Jamil v Canara Bank,NEW_PRIMARY_WEB_RENDERING,SCOPE_COMPATIBLE_INPUT_NOT_FROZEN,BANKING_STATUTORY_SUCCESSION,Lakshmi Commercial Bank转归Canara Bank，涉及第14(1)(b)条、法定合并与书面／默示同意；同时有第14(1)(f)条请求，不能合并评分。,sources/65127929-scope-evidence.json
19,110204406,Raghunandan Saran Ashok Saran (HUF) v National Insurance Co,NEW_PRIMARY_WEB_RENDERING,CONDITIONAL_SCOPE_COMPATIBLE_INPUT_LIMIT,INSURANCE_STATUTORY_SUCCESSION_SECONDARY_ISSUE,第14(1)(b)条员工占有争点中同时讨论New Zealand Insurance被并入National Insurance的非自愿抗辩；合并并非唯一或主要请求事实。,sources/110204406-scope-evidence.json
20,157278563,ICICI Bank Ltd v Shakuntla Gupta,NEW_PRIMARY_WEB_RENDERING,EXCLUDED,ORDINARY_CIVIL_LEASE_OUTSIDE_DRC,原文第4段明确房产不受Delhi Rent Control Act保护，属于普通民事租约与银行合并；不能混入本轮第14(1)(b)条实验。,sources/157278563-scope-evidence.json
21,132592552,M/s Puran Chand & Co v Canara Bank,NEW_PRIMARY_WEB_RENDERING,EXCLUDED,MORTGAGE_REDEMPTION_AND_CIVIL_POSSESSION,抵押赎回／拍卖后占有与租户继受问题，争点包含民事管辖；并非第14(1)(b)条公司转移腾退请求。,sources/132592552-scope-evidence.json
22,1295488,Sequent Scientific Ltd / P.I. Drugs & Pharmaceuticals Ltd (company petitions),NEW_PRIMARY_WEB_RENDERING,EXCLUDED,SCHEME_APPROVAL,正文实际是公司合并方案批准及技术供应合同异议，并非搜索标题暗示的Delhi租赁案件。,sources/1295488-scope-evidence.json
23,39942283,British Motor Car Company (1939) Ltd v Hindustan Commercial Bank Ltd,NEW_PRIMARY_WEB_RENDERING,SCOPE_COMPATIBLE_INPUT_NOT_FROZEN,BANKING_STATUTORY_SUCCESSION,Delhi第14(1)(b)条及Hindustan Commercial Bank转归PNB，呈现Rent Controller／Tribunal／High Court层级和双方争辩。,sources/39942283-scope-evidence.json
24,1033921,Mrs Asha Rohtagi & Ors v Erstwhile New Bank of India / PNB,NEW_PRIMARY_WEB_RENDERING,SCOPE_COMPATIBLE_INPUT_NOT_FROZEN,BANKING_STATUTORY_SUCCESSION,New Bank of India按1993年方案转归PNB；明确是Delhi第14(1)(a)/(b)请求，仅拟使用(b)的继受问题。,sources/1033921-scope-evidence.json
