case_id,family,stage,court,group_id,association,planned_conditions,supervised_conditions,facts,evidence,nodes,edges
112400,DRC_BONA_FIDE,Delhi High Court appeal under s. 39 after remand to the Rent Control Tribunal for a finding on reasonably suitable residential accommodation,Delhi High Court,DOC-112400,UNCONFIRMED_UNLESS_EXPLICIT_DUPLICATE,6,3,8,0,18,134
114533,DRC_SUBLETTING,Supreme Court civil appeal by special leave from the Delhi High Court's second-appeal judgment,Supreme Court of India,DOC-114533,UNCONFIRMED_UNLESS_EXPLICIT_DUPLICATE,6,1,8,3,23,196
1114159,DRC_BONA_FIDE,Supreme Court civil appeal (Civil Appeal No. 1993 of 1982) from the Delhi High Court judgment in S.A.O. No. 59 of 1979.,Supreme Court of India,DOC-1114159,UNCONFIRMED_UNLESS_EXPLICIT_DUPLICATE,6,1,8,0,23,146
1870868,DRC_SUBLETTING,Supreme Court civil appeal by certificate under Article 133 (Civil Appeal No. 1297 of 1975),Supreme Court of India,DOC-1870868,UNCONFIRMED_UNLESS_EXPLICIT_DUPLICATE,6,2,7,1,21,134
489898,DRC_SUBLETTING,Delhi High Court second appeal from the Rent Control Tribunal,Delhi High Court,DOC-489898,UNCONFIRMED_UNLESS_EXPLICIT_DUPLICATE,6,0,7,1,22,142
14884716,DRC_SUBLETTING,Delhi High Court petition under Article 227 challenging the Rent Control Tribunal's eviction order,Delhi High Court,DOC-14884716,UNCONFIRMED_UNLESS_EXPLICIT_DUPLICATE,6,1,11,0,28,188
33810117,DRC_SUBLETTING,Delhi High Court CM(M) petition challenging concurrent ARC and Rent Control Tribunal rejection of the subletting ground,Delhi High Court,DOC-33810117,UNCONFIRMED_UNLESS_EXPLICIT_DUPLICATE,6,1,10,1,25,188
50313565,DRC_SUBLETTING,Final judgment on the original eviction petition (RC-01/08).,"Court of Sh. Prashant Kumar, CCJ/ARC, Rohini Courts, Delhi.",DOC-50313565,UNCONFIRMED_UNLESS_EXPLICIT_DUPLICATE,6,0,12,0,25,202
52547606,DRC_SUBLETTING,Delhi High Court decision in CM(M) 642/2010 reviewing the ARCT judgment under supervisory jurisdiction.,"Delhi High Court, Hon'ble Ms. Justice Indermeet Kaur.",DOC-52547606,UNCONFIRMED_UNLESS_EXPLICIT_DUPLICATE,6,3,10,2,24,202
55384096,DRC_SUBLETTING,Delhi High Court decision in CM(M) No.1574/2010 reviewing the ARCT order dated 05.07.2000.,"Delhi High Court, Hon'ble Ms. Justice Indermeet Kaur.",DOC-55384096,UNCONFIRMED_UNLESS_EXPLICIT_DUPLICATE,6,0,9,1,23,174
68065690,DRC_SUBLETTING,Fresh Section 14(1)(b) findings by the Additional Rent Controller after the RCT permitted additional evidence and remanded for fresh findings.,"Court of Sh. Ajay Nagar, Additional Rent Controller-02 (Central), Tis Hazari Courts, Delhi.",DOC-68065690,UNCONFIRMED_UNLESS_EXPLICIT_DUPLICATE,6,0,8,0,19,150
68096693,DRC_SUBLETTING,"Original merits judgment in RC ARC No. 845/19 on the Section 14(1)(b) eviction petition, pronounced 30.03.2026","Additional Rent Controller-01 (Central), Tis Hazari Courts, Delhi",DOC-68096693,UNCONFIRMED_UNLESS_EXPLICIT_DUPLICATE,6,0,6,1,19,126
84524189,DRC_SUBLETTING,"Original merits judgment in E. No. 2/2011 on the Section 14(1)(b) eviction application, decided 26.10.2013","Rent Controller, New Delhi District, Patiala House Courts, New Delhi",DOC-84524189,UNCONFIRMED_UNLESS_EXPLICIT_DUPLICATE,6,0,2,2,13,66
125596702,DRC_SUBLETTING,Delhi High Court decision in CM (M) 1367/2011 reviewing the Rent Control Tribunal's 12.08.2011 disposition of the Section 14(1)(b) ground,High Court of Delhi at New Delhi,DOC-125596702,UNCONFIRMED_UNLESS_EXPLICIT_DUPLICATE,6,0,11,3,26,230
133241208,DRC_SUBLETTING,Appeal under Section 38 of the Delhi Rent Control Act from the Additional Rent Controller's judgment dated 05.05.2018.,"Principal District & Sessions Judge (HQs) & Rent Control Tribunal (Central), Tis Hazari Courts, Delhi",DOC-133241208,UNCONFIRMED_UNLESS_EXPLICIT_DUPLICATE,6,0,8,2,22,158
188721101,DRC_SUBLETTING,Landlord's appeal under Section 38 of the Delhi Rent Control Act from the CCJ-cum-ARC judgment dated 15.03.2019.,"Principal District & Sessions Judge (Central), Tis Hazari Courts, Delhi",DOC-188721101,UNCONFIRMED_UNLESS_EXPLICIT_DUPLICATE,6,0,11,3,26,216
191402169,DRC_SUBLETTING,Original eviction adjudication by the Additional Rent Controller.,"Additional Rent Controller-02, Central District, Tis Hazari Courts, Delhi",DOC-191402169,UNCONFIRMED_UNLESS_EXPLICIT_DUPLICATE,6,1,12,0,27,182
