case_id,pair,candidate_sets_same,ranking_same,selected_material_set_same,acceptance_order_same,final_display_order_same,complete_submission_bytes_same,exclusive_candidates_left,exclusive_candidates_right,first_membership_difference_loss,ranking_difference_loss
110204406,A-G,True,False,True,False,True,True,[],[],No membership difference at retrieval: all14 raw candidates,FIXED_SOURCE_ORDER_RENDERING
110204406,A-L,True,False,True,False,True,True,[],[],No membership difference at retrieval: all14 raw candidates,FIXED_SOURCE_ORDER_RENDERING
110204406,G-L,True,False,True,False,True,True,[],[],No membership difference at retrieval: all14 raw candidates,FIXED_SOURCE_ORDER_RENDERING
172908545,A-G,True,False,True,False,True,True,[],[],No membership difference at retrieval: all14 raw candidates,FIXED_SOURCE_ORDER_RENDERING
172908545,A-L,True,False,True,False,True,True,[],[],No membership difference at retrieval: all14 raw candidates,FIXED_SOURCE_ORDER_RENDERING
172908545,G-L,True,False,True,True,True,True,[],[],No membership difference at retrieval: all14 raw candidates,ATOMIC_SELECTION
58386394,A-G,True,False,True,False,True,True,[],[],No membership difference at retrieval: all14 raw candidates,FIXED_SOURCE_ORDER_RENDERING
58386394,A-L,True,False,True,False,True,True,[],[],No membership difference at retrieval: all14 raw candidates,FIXED_SOURCE_ORDER_RENDERING
58386394,G-L,True,False,True,True,True,True,[],[],No membership difference at retrieval: all14 raw candidates,ATOMIC_SELECTION
890045,A-G,True,False,True,False,True,True,[],[],No membership difference at retrieval: all14 raw candidates,FIXED_SOURCE_ORDER_RENDERING
890045,A-L,True,False,True,False,True,True,[],[],No membership difference at retrieval: all14 raw candidates,FIXED_SOURCE_ORDER_RENDERING
890045,G-L,True,False,True,False,True,True,[],[],No membership difference at retrieval: all14 raw candidates,FIXED_SOURCE_ORDER_RENDERING
1908519,A-G,True,False,False,False,False,False,[],[],Final budget sets remain different,NOT_LOST_FINAL_INPUT_DIFFERENT
1908519,A-L,True,False,False,False,False,False,[],[],Final budget sets remain different,NOT_LOST_FINAL_INPUT_DIFFERENT
1908519,G-L,True,False,True,False,True,True,[],[],No membership difference at retrieval: all14 raw candidates,FIXED_SOURCE_ORDER_RENDERING
869439,A-G,True,False,True,False,True,True,[],[],No membership difference at retrieval: all14 raw candidates,FIXED_SOURCE_ORDER_RENDERING
869439,A-L,True,False,True,False,True,True,[],[],No membership difference at retrieval: all14 raw candidates,FIXED_SOURCE_ORDER_RENDERING
869439,G-L,True,False,True,False,True,True,[],[],No membership difference at retrieval: all14 raw candidates,FIXED_SOURCE_ORDER_RENDERING
