case_id,method,seed,core_delivered,irrelevant_selected,unlabeled_selected,legal_characters,material_sha256
110204406,S,20261004,"[2, 3]",[],"['LAW:V09:AH_BURDEN', 'LAW:V09:CEL_BURDEN', 'LAW:V09:KR_BURDEN']",19542,227d9524f6f70f69054ba4e86cc7dc824cc5d1596ac5c2757c147015da223de1
172908545,S,20261004,"[1, 2]",[],"['LAW:V09:AH_BURDEN', 'LAW:V09:CEL_BURDEN', 'LAW:V09:KR_BURDEN', 'LAW:V21:GR:REPORTED_DELHI']",19542,227d9524f6f70f69054ba4e86cc7dc824cc5d1596ac5c2757c147015da223de1
58386394,S,20261004,"[2, 3]",[],"['LAW:V09:AH_BURDEN', 'LAW:V09:CEL_BURDEN', 'LAW:V09:KR_BURDEN']",19542,227d9524f6f70f69054ba4e86cc7dc824cc5d1596ac5c2757c147015da223de1
890045,S,20261004,"[1, 1]",[],"['LAW:V09:AH_BURDEN', 'LAW:V09:CEL_BURDEN', 'LAW:V09:KR_BURDEN', 'LAW:V21:GR:REPORTED_DELHI']",19542,227d9524f6f70f69054ba4e86cc7dc824cc5d1596ac5c2757c147015da223de1
1908519,S,20261004,"[1, 1]",[],"['LAW:V09:AH_BURDEN', 'LAW:V09:CEL_BURDEN', 'LAW:V09:KR_BURDEN', 'LAW:V21:GR:REPORTED_DELHI']",19542,227d9524f6f70f69054ba4e86cc7dc824cc5d1596ac5c2757c147015da223de1
869439,S,20261004,"[1, 1]",[],"['LAW:V09:AH_BURDEN', 'LAW:V09:CEL_BURDEN', 'LAW:V09:KR_BURDEN', 'LAW:V21:GR:REPORTED_DELHI']",19542,227d9524f6f70f69054ba4e86cc7dc824cc5d1596ac5c2757c147015da223de1
110204406,B,20261004,"[1, 3]",[],"['LAW:V09:DRC14_4', 'LAW:V21:GR:STATUTE']",19887,39047b10b4ea059cbe85193a064f61905e5fb2152de119bd4d60b9048d5346f0
172908545,B,20261004,"[1, 2]",[],"['LAW:V21:GR:APPLICATION', 'LAW:V21:GR:REPORTED_DELHI', 'LAW:V21:GR:STATUTE']",19394,4acf9f5efdec7bfe4fa0564ac74f3a995cf61d61c81f98f32186fef0617a9c08
58386394,B,20261004,"[2, 3]",[],[],19292,c23b8e6451c977737476af9b0e9837d2bfd096e280c338a534439e1b0f4c268d
890045,B,20261004,"[1, 1]",[],"['LAW:V21:GR:APPLICATION', 'LAW:V21:GR:REPORTED_DELHI', 'LAW:V21:GR:STATUTE']",19453,3a89248b7c6659c3017cb5714cd50feee1bf6646e265d7412840fdeac0cca7a1
1908519,B,20261004,"[1, 1]",[],"['LAW:S02:DRC:18', 'LAW:V09:CK_REGULATORY_TRANSFER', 'LAW:V21:GR:REPORTED_DELHI', 'LAW:V21:TS:PAR16']",19537,83044a259964c1e475437c979d07940d0fbaa042cb7d2cf69365d4741af5adab
869439,B,20261004,"[1, 1]",[],"['LAW:V21:GR:APPLICATION', 'LAW:V21:GR:REPORTED_DELHI', 'LAW:V21:GR:STATUTE', 'LAW:V21:TS:PAR16']",19453,3a89248b7c6659c3017cb5714cd50feee1bf6646e265d7412840fdeac0cca7a1
110204406,C,20261004,"[0, 3]",[],"['LAW:V09:AH_CONSENT_SCOPE', 'LAW:V09:CEL_BURDEN', 'LAW:V09:CEL_CONTROL']",18845,b829dce0a3bcf9ed44ea27c94e62681d142374ab68b31a7094bb712f5acde2bd
172908545,C,20261004,"[1, 2]",[],"['LAW:V09:AH_BURDEN', 'LAW:V09:AH_CONSENT_SCOPE', 'LAW:V09:CEL_CONTROL', 'LAW:V09:DRC14_4', 'LAW:V09:KR_BURDEN']",19959,a388f63c37d99b53100ad5e10b01f51d4639797ffa97ea27488180902aa283e8
58386394,C,20261004,"[0, 3]",[],"['LAW:V09:AH_CONSENT_SCOPE', 'LAW:V09:CEL_CONTROL']",19969,0dba6be4659edbac3c7b9cad612f0f9df89c3ac27afe346ef1ec53223aaea76d
890045,C,20261004,"[1, 1]",[],"['LAW:V09:AH_BURDEN', 'LAW:V09:AH_CONSENT_SCOPE', 'LAW:V09:CEL_CONTROL', 'LAW:V09:DRC14_4', 'LAW:V09:KR_BURDEN']",19959,a388f63c37d99b53100ad5e10b01f51d4639797ffa97ea27488180902aa283e8
1908519,C,20261004,"[1, 1]",[],"['LAW:V09:AH_CONSENT_SCOPE', 'LAW:V09:CEL_BURDEN', 'LAW:V09:KR_BURDEN']",19525,b0e08fd082583484bed11aea6c62013b814d983fcabc0ef1984ae6b07e3e07df
869439,C,20261004,"[1, 1]",[],"['LAW:V09:AH_CONSENT_SCOPE', 'LAW:V09:CEL_BURDEN']",19499,89bd9cbbf48c2cec9059bb9604dac0a5d0c793c4376ef4568a424b9236e83205
110204406,S,20261005,"[2, 3]",[],"['LAW:V09:AH_BURDEN', 'LAW:V09:CEL_BURDEN', 'LAW:V09:KR_BURDEN']",19542,227d9524f6f70f69054ba4e86cc7dc824cc5d1596ac5c2757c147015da223de1
172908545,S,20261005,"[1, 2]",[],"['LAW:V09:AH_BURDEN', 'LAW:V09:CEL_BURDEN', 'LAW:V09:KR_BURDEN', 'LAW:V21:GR:REPORTED_DELHI']",19542,227d9524f6f70f69054ba4e86cc7dc824cc5d1596ac5c2757c147015da223de1
58386394,S,20261005,"[2, 3]",[],"['LAW:V09:AH_BURDEN', 'LAW:V09:CEL_BURDEN', 'LAW:V09:KR_BURDEN']",19542,227d9524f6f70f69054ba4e86cc7dc824cc5d1596ac5c2757c147015da223de1
890045,S,20261005,"[1, 1]",[],"['LAW:V09:AH_BURDEN', 'LAW:V09:CEL_BURDEN', 'LAW:V09:KR_BURDEN', 'LAW:V21:GR:REPORTED_DELHI']",19542,227d9524f6f70f69054ba4e86cc7dc824cc5d1596ac5c2757c147015da223de1
1908519,S,20261005,"[1, 1]",[],"['LAW:V09:AH_BURDEN', 'LAW:V09:CEL_BURDEN', 'LAW:V09:KR_BURDEN', 'LAW:V21:GR:REPORTED_DELHI']",19542,227d9524f6f70f69054ba4e86cc7dc824cc5d1596ac5c2757c147015da223de1
869439,S,20261005,"[1, 1]",[],"['LAW:V09:AH_BURDEN', 'LAW:V09:CEL_BURDEN', 'LAW:V09:KR_BURDEN', 'LAW:V21:GR:REPORTED_DELHI']",19542,227d9524f6f70f69054ba4e86cc7dc824cc5d1596ac5c2757c147015da223de1
110204406,B,20261005,"[1, 3]",[],"['LAW:V09:DRC14_4', 'LAW:V21:GR:STATUTE']",19887,39047b10b4ea059cbe85193a064f61905e5fb2152de119bd4d60b9048d5346f0
172908545,B,20261005,"[1, 2]",[],"['LAW:V21:GR:APPLICATION', 'LAW:V21:GR:REPORTED_DELHI', 'LAW:V21:GR:STATUTE']",19394,4acf9f5efdec7bfe4fa0564ac74f3a995cf61d61c81f98f32186fef0617a9c08
58386394,B,20261005,"[2, 3]",[],[],19292,c23b8e6451c977737476af9b0e9837d2bfd096e280c338a534439e1b0f4c268d
890045,B,20261005,"[1, 1]",[],"['LAW:V21:GR:APPLICATION', 'LAW:V21:GR:REPORTED_DELHI', 'LAW:V21:GR:STATUTE']",19453,3a89248b7c6659c3017cb5714cd50feee1bf6646e265d7412840fdeac0cca7a1
1908519,B,20261005,"[1, 1]",[],"['LAW:S02:DRC:18', 'LAW:V09:CK_REGULATORY_TRANSFER', 'LAW:V21:GR:REPORTED_DELHI', 'LAW:V21:TS:PAR16']",19537,83044a259964c1e475437c979d07940d0fbaa042cb7d2cf69365d4741af5adab
869439,B,20261005,"[1, 1]",[],"['LAW:V21:GR:APPLICATION', 'LAW:V21:GR:REPORTED_DELHI', 'LAW:V21:GR:STATUTE', 'LAW:V21:TS:PAR16']",19453,3a89248b7c6659c3017cb5714cd50feee1bf6646e265d7412840fdeac0cca7a1
110204406,C,20261005,"[2, 3]",[],"['LAW:V09:DRC14_4', 'LAW:V09:GL_WRITTEN_CONSENT']",19714,ad8bc0d42eb6cc3936c0c0df31a2649ffaf8f683ade5edb0a29899dba323d4d0
172908545,C,20261005,"[1, 2]",[],"['LAW:V09:CEL_SHAM_PROOF', 'LAW:V09:GL_WRITTEN_CONSENT', 'LAW:V21:GR:REPORTED_DELHI']",19852,7244fe813a7d44eaeae72ccf359c10e781987e51d47557518d7bbecd8deeaad3
58386394,C,20261005,"[3, 3]",[],['LAW:V09:DRC14_4'],19771,fb250b16ad7c5b35674acf60632d395fb852b44a157ef9c1fdbfb8330fd5a79c
890045,C,20261005,"[1, 1]",[],"['LAW:V21:GR:APPLICATION', 'LAW:V21:GR:REPORTED_DELHI', 'LAW:V21:GR:STATUTE']",19453,3a89248b7c6659c3017cb5714cd50feee1bf6646e265d7412840fdeac0cca7a1
1908519,C,20261005,"[1, 1]",[],"['LAW:S02:DRC:18', 'LAW:V09:CEL_BURDEN', 'LAW:V09:CK_ASSIGNMENT_SCOPE']",19915,809af6f7cb2f4ed73d6c7411f15ab81f9472e18ca0e725ed617bacb2d8873d30
869439,C,20261005,"[1, 1]",[],"['LAW:V09:CK_ASSIGNMENT_SCOPE', 'LAW:V09:KR_PERMISSIVE_FAMILY', 'LAW:V21:GR:REPORTED_DELHI']",18676,4db468d57046e93931566b34db7828dff696337f8d3f2211cae4c2846e91217f
