case,track,request,old_status,new_status,answer,assumptions,errors,gaps,not_model_performance
789051,engine-only,Q1,INVALID,INCOMPLETE_EXECUTION,,[],[],"[""MODEL_CONCLUSION_NOT_ESTABLISHED""]",True
789051,engine-only,Q2,INVALID,INCOMPLETE_EXECUTION,,[],[],"[""MODEL_CONCLUSION_NOT_ESTABLISHED""]",True
789051,engine-only,Q3,INVALID,INCOMPLETE_EXECUTION,,[],[],"[""MODEL_CONCLUSION_NOT_ESTABLISHED""]",True
789051,engine-only,Q4,INVALID,INCOMPLETE_EXECUTION,,[],[],"[""MODEL_CONCLUSION_NOT_ESTABLISHED""]",True
789051,reviewed-reconstruction,Q1,INVALID,CONDITIONAL_RECONSTRUCTION,TRUE,"[""CA-789051-S2""]",[],[],True
789051,reviewed-reconstruction,Q2,INVALID,CONDITIONAL_RECONSTRUCTION,TRUE,"[""CA-789051-S2""]",[],[],True
789051,reviewed-reconstruction,Q3,INVALID,CONDITIONAL_RECONSTRUCTION,TRUE,"[""CA-789051-S2""]",[],[],True
789051,reviewed-reconstruction,Q4,INVALID,CONDITIONAL_RECONSTRUCTION,TRUE,"[""CA-789051-S2""]",[],[],True
1418721,engine-only,Q1,INVALID,INCOMPLETE_EXECUTION,,[],[],"[""OPEN_TEXT_NOT_IMPLEMENTED"", ""MODEL_CONCLUSION_NOT_ESTABLISHED""]",True
1418721,engine-only,Q2,VALID_UNDER_ASSUMPTIONS,VALID_UNDER_ASSUMPTIONS,TRUE,[],[],[],True
1418721,engine-only,Q3,INVALID,INCOMPLETE_EXECUTION,,[],[],"[""OPEN_TEXT_NOT_IMPLEMENTED"", ""MODEL_CONCLUSION_NOT_ESTABLISHED""]",True
1418721,engine-only,Q4,INVALID,INCOMPLETE_EXECUTION,,[],[],"[""MODEL_CONCLUSION_NOT_ESTABLISHED""]",True
1418721,reviewed-reconstruction,Q1,INVALID,CONDITIONAL_RECONSTRUCTION,TRUE,"[""CA-1418721-S2""]",[],[],True
1418721,reviewed-reconstruction,Q2,VALID_UNDER_ASSUMPTIONS,VALID_UNDER_ASSUMPTIONS,TRUE,[],[],[],True
1418721,reviewed-reconstruction,Q3,INVALID,CONDITIONAL_RECONSTRUCTION,TRUE,"[""CA-1418721-S5""]",[],[],True
1418721,reviewed-reconstruction,Q4,INVALID,CONDITIONAL_RECONSTRUCTION,TRUE,"[""CA-1418721-S2"", ""CA-1418721-S5""]",[],[],True
1841885,engine-only,Q1,INVALID,INCOMPLETE_EXECUTION,,[],[],"[""OPEN_TEXT_NOT_IMPLEMENTED"", ""MODEL_CONCLUSION_NOT_ESTABLISHED""]",True
1841885,engine-only,Q2,VALID_UNDER_ASSUMPTIONS,VALID_UNDER_ASSUMPTIONS,TRUE,[],[],[],True
1841885,engine-only,Q3,INVALID,INCOMPLETE_EXECUTION,,[],[],"[""MODEL_CONCLUSION_NOT_ESTABLISHED""]",True
1841885,engine-only,Q4,INVALID,INVALID,,[],"[""CROSS_OBJECT_JOIN:trust_denial_recorded""]",[],True
1841885,engine-only,Q5,INVALID,INVALID,,[],"[""DEPENDENCY_INVALID:S5""]","[""RULE_SEMANTICS_NOT_ACCEPTED"", ""BINDING_UNKNOWN:surviving_tenancy_track"", ""BINDING_UNKNOWN:settled_possession_proof"", ""BINDING_UNKNOWN:unlawful_dispossession_proof"", ""PREMISE_NOT_ACCEPTED:F11""]",True
1841885,reviewed-reconstruction,Q1,INVALID,CONDITIONAL_RECONSTRUCTION,TRUE,"[""CA-1841885-S2""]",[],[],True
1841885,reviewed-reconstruction,Q2,VALID_UNDER_ASSUMPTIONS,VALID_UNDER_ASSUMPTIONS,TRUE,[],[],[],True
1841885,reviewed-reconstruction,Q3,INVALID,CONDITIONAL_RECONSTRUCTION,TRUE,"[""CA-1841885-S2""]",[],[],True
1841885,reviewed-reconstruction,Q4,INVALID,CONDITIONAL_RECONSTRUCTION,TRUE,"[""MAP-1841885-S5-F8""]",[],[],True
1841885,reviewed-reconstruction,Q5,INVALID,CONDITIONAL_RECONSTRUCTION,TRUE,"[""CA-1841885-S2""]",[],[],True
