case,snapshot,request,proposal_state,checked_trace_status,checked_answer,predicate,errors,gaps,legal_status,not_a_legal_correctness_score
789051,S1,Q1,TRUE,INVALID,,POSSESSORY_BASIS_FOR_INJUNCTIVE_RESTRAINT,PROPOSED_RESULT_MISMATCH;REQUEST_STATE_MISMATCH,DEPENDENCY_INVALID:S2,APPROVAL_PENDING,True
789051,S1,Q2,TRUE,INVALID,,TITLE_DECLARATION_OBJECTION_NOT_AUTOMATIC_BAR,QUOTE_NOT_LOCATED;REQUEST_STATE_MISMATCH,RULE_SEMANTICS_NOT_ACCEPTED;DEPENDENCY_INVALID:S3,APPROVAL_PENDING,True
789051,S1,Q3,TRUE,INVALID,,POSSESSORY_RELIEF_DOES_NOT_CONFIRM_OWNERSHIP,PROPOSED_RESULT_MISMATCH;REQUEST_STATE_MISMATCH,DEPENDENCY_INVALID:S3,APPROVAL_PENDING,True
789051,S1,Q4,TRUE,INVALID,,SEPARATE_TITLE_ACTION_REMAINS_AVAILABLE,PROPOSED_RESULT_MISMATCH;REQUEST_STATE_MISMATCH,DEPENDENCY_INVALID:S5,APPROVAL_PENDING,True
789051,S2,Q0,TRUE,VALID_UNDER_ASSUMPTIONS,TRUE,POSSESSION_BASIS_SURVIVES_TITLE_NONPROOF,,,APPROVAL_PENDING,True
789051,S2,Q1,UNKNOWN,INCOMPLETE,UNKNOWN,POSSESSORY_BASIS_FOR_INJUNCTIVE_RESTRAINT,,,APPROVAL_PENDING,True
789051,S2,Q2,UNKNOWN,INCOMPLETE,UNKNOWN,TITLE_DECLARATION_OBJECTION_NOT_AUTOMATIC_BAR,,,APPROVAL_PENDING,True
789051,S2,Q3,UNKNOWN,INCOMPLETE,UNKNOWN,POSSESSORY_RELIEF_DOES_NOT_CONFIRM_OWNERSHIP,,,APPROVAL_PENDING,True
789051,S2,Q4,UNKNOWN,INCOMPLETE,UNKNOWN,SEPARATE_TITLE_ACTION_REMAINS_AVAILABLE,,,APPROVAL_PENDING,True
1418721,S1,Q1,TRUE,INVALID,,TITLE_ESTABLISHED_ON_RECORDED_EVIDENCE,PROPOSED_RESULT_MISMATCH;REQUEST_STATE_MISMATCH,DEPENDENCY_INVALID:S1;OPEN_TEXT_NOT_IMPLEMENTED,APPROVAL_PENDING,True
1418721,S1,Q2,TRUE,VALID_UNDER_ASSUMPTIONS,TRUE,MATERIAL_ADVERSE_PLEADING_GAPS_RECORDED,,,APPROVAL_PENDING,True
1418721,S1,Q3,TRUE,INVALID,,ADVERSE_POSSESSION_GROUND_NOT_ESTABLISHED,PROPOSED_RESULT_MISMATCH;REQUEST_STATE_MISMATCH,OPEN_TEXT_NOT_IMPLEMENTED,APPROVAL_PENDING,True
1418721,S1,Q4,TRUE,INVALID,,INDEPENDENT_TITLE_GROUND_UNDIMINISHED_BY_FAILED_ADVERSE_PLEA,PROPOSED_RESULT_MISMATCH;REQUEST_STATE_MISMATCH,DEPENDENCY_INVALID:S2;DEPENDENCY_INVALID:S5,APPROVAL_PENDING,True
1841885,S1,Q1,TRUE,INVALID,,TENANCY_SUBJECT_CIVIL_ADJUDICABLE,PROPOSED_RESULT_MISMATCH;REQUEST_STATE_MISMATCH,OPEN_TEXT_NOT_IMPLEMENTED,APPROVAL_PENDING,True
1841885,S1,Q2,TRUE,VALID_UNDER_ASSUMPTIONS,TRUE,TRUST_AFFAIRS_INQUIRY_SPECIAL_ACT_ROUTE,,,APPROVAL_PENDING,True
1841885,S1,Q3,TRUE,INVALID,,MIXED_RELIEFS_NOT_ALONE_GROUND_FOR_WHOLE_REJECTION,PROPOSED_RESULT_MISMATCH;REQUEST_STATE_MISMATCH,DEPENDENCY_INVALID:S2,APPROVAL_PENDING,True
1841885,S1,Q4,TRUE,INVALID,,OPPOSED_DISPOSSESSION_ASSERTIONS_RECORDED,CROSS_OBJECT_JOIN:trust_denial_recorded;REQUEST_STATE_MISMATCH,,APPROVAL_PENDING,True
1841885,S1,Q5,TRUE,INVALID,,CONTINUATION_DISTINCT_FROM_POSSESSION_AND_INJUNCTION_MERITS,PROPOSED_RESULT_MISMATCH;REQUEST_STATE_MISMATCH,RULE_SEMANTICS_NOT_ACCEPTED;DEPENDENCY_INVALID:S4;DEPENDENCY_INVALID:S5;BINDING_UNKNOWN:settled_possession_proof;BINDING_UNKNOWN:unlawful_dispossession_proof;PREMISE_NOT_ACCEPTED:F11;OPEN_TEXT_NOT_IMPLEMENTED,APPROVAL_PENDING,True
