case,condition,request,old_answer,new_answer,alternatives,coverage,path
789051,interface,Q1,UNKNOWN,UNKNOWN,1,CHECKED_ALTERNATIVES,outputs/proof-carrying-dependency-repair-v9/results/interface/789051/analysis.json
789051,interface,Q2,UNKNOWN,UNKNOWN,2,CHECKED_ALTERNATIVES,outputs/proof-carrying-dependency-repair-v9/results/interface/789051/analysis.json
789051,interface,Q3,,,1,CHECKED_ALTERNATIVES,outputs/proof-carrying-dependency-repair-v9/results/interface/789051/analysis.json
789051,interface,Q4,,,1,CHECKED_ALTERNATIVES,outputs/proof-carrying-dependency-repair-v9/results/interface/789051/analysis.json
789051,dependency,Q1,UNKNOWN,,1,CHECKED_ALTERNATIVES,outputs/proof-carrying-dependency-repair-v9/results/dependency/789051/analysis.json
789051,dependency,Q2,UNKNOWN,,2,CHECKED_ALTERNATIVES,outputs/proof-carrying-dependency-repair-v9/results/dependency/789051/analysis.json
789051,dependency,Q3,,,1,CHECKED_ALTERNATIVES,outputs/proof-carrying-dependency-repair-v9/results/dependency/789051/analysis.json
789051,dependency,Q4,,,1,CHECKED_ALTERNATIVES,outputs/proof-carrying-dependency-repair-v9/results/dependency/789051/analysis.json
1418721,interface,Q1,TRUE,TRUE,1,CHECKED_ALTERNATIVES,outputs/proof-carrying-dependency-repair-v9/results/interface/1418721/analysis.json
1418721,interface,Q2,TRUE,TRUE,2,CHECKED_ALTERNATIVES,outputs/proof-carrying-dependency-repair-v9/results/interface/1418721/analysis.json
1418721,interface,Q3,,,2,CHECKED_ALTERNATIVES,outputs/proof-carrying-dependency-repair-v9/results/interface/1418721/analysis.json
1418721,interface,Q4,,,0,NO_ROUTE_WITHIN_BUDGET,outputs/proof-carrying-dependency-repair-v9/results/interface/1418721/analysis.json
1418721,dependency,Q1,TRUE,TRUE,1,CHECKED_ALTERNATIVES,outputs/proof-carrying-dependency-repair-v9/results/dependency/1418721/analysis.json
1418721,dependency,Q2,TRUE,TRUE,1,CHECKED_ALTERNATIVES,outputs/proof-carrying-dependency-repair-v9/results/dependency/1418721/analysis.json
1418721,dependency,Q3,,,1,CHECKED_ALTERNATIVES,outputs/proof-carrying-dependency-repair-v9/results/dependency/1418721/analysis.json
1418721,dependency,Q4,,UNKNOWN,1,CHECKED_ALTERNATIVES,outputs/proof-carrying-dependency-repair-v9/results/dependency/1418721/analysis.json
1841885,interface,Q1,,,1,CHECKED_ALTERNATIVES,outputs/proof-carrying-dependency-repair-v9/results/interface/1841885/analysis.json
1841885,interface,Q2,TRUE,TRUE,1,CHECKED_ALTERNATIVES,outputs/proof-carrying-dependency-repair-v9/results/interface/1841885/analysis.json
1841885,interface,Q3,,,2,CHECKED_ALTERNATIVES,outputs/proof-carrying-dependency-repair-v9/results/interface/1841885/analysis.json
1841885,interface,Q4,,,0,NO_ROUTE_WITHIN_BUDGET,outputs/proof-carrying-dependency-repair-v9/results/interface/1841885/analysis.json
1841885,interface,Q5,,,3,CHECKED_ALTERNATIVES,outputs/proof-carrying-dependency-repair-v9/results/interface/1841885/analysis.json
1841885,dependency,Q1,,,2,CHECKED_ALTERNATIVES,outputs/proof-carrying-dependency-repair-v9/results/dependency/1841885/analysis.json
1841885,dependency,Q2,TRUE,TRUE,1,CHECKED_ALTERNATIVES,outputs/proof-carrying-dependency-repair-v9/results/dependency/1841885/analysis.json
1841885,dependency,Q3,,,2,CHECKED_ALTERNATIVES,outputs/proof-carrying-dependency-repair-v9/results/dependency/1841885/analysis.json
1841885,dependency,Q4,,,1,CHECKED_ALTERNATIVES,outputs/proof-carrying-dependency-repair-v9/results/dependency/1841885/analysis.json
1841885,dependency,Q5,,,0,NO_ROUTE_WITHIN_BUDGET,outputs/proof-carrying-dependency-repair-v9/results/dependency/1841885/analysis.json
840688,interface,Q-S1,,TRUE,3,CHECKED_ALTERNATIVES,outputs/proof-carrying-dependency-repair-v9/results/interface/840688/analysis.json
840688,interface,Q-S2,,,3,CHECKED_ALTERNATIVES,outputs/proof-carrying-dependency-repair-v9/results/interface/840688/analysis.json
840688,dependency,Q-S1,,TRUE,3,CHECKED_ALTERNATIVES,outputs/proof-carrying-dependency-repair-v9/results/dependency/840688/analysis.json
840688,dependency,Q-S2,,,3,CHECKED_ALTERNATIVES,outputs/proof-carrying-dependency-repair-v9/results/dependency/840688/analysis.json
161859415,interface,Q-S1,,TRUE,2,CHECKED_ALTERNATIVES,outputs/proof-carrying-dependency-repair-v9/results/interface/161859415/analysis.json
161859415,interface,Q-S2,,TRUE,6,CHECKED_ALTERNATIVES,outputs/proof-carrying-dependency-repair-v9/results/interface/161859415/analysis.json
161859415,dependency,Q-S1,,TRUE,2,CHECKED_ALTERNATIVES,outputs/proof-carrying-dependency-repair-v9/results/dependency/161859415/analysis.json
161859415,dependency,Q-S2,,TRUE,6,CHECKED_ALTERNATIVES,outputs/proof-carrying-dependency-repair-v9/results/dependency/161859415/analysis.json
74028,interface,Q-S1,,,3,CHECKED_ALTERNATIVES,outputs/proof-carrying-dependency-repair-v9/results/interface/74028/analysis.json
74028,interface,Q-S2,,,9,CHECKED_ALTERNATIVES,outputs/proof-carrying-dependency-repair-v9/results/interface/74028/analysis.json
74028,dependency,Q-S1,,,3,CHECKED_ALTERNATIVES,outputs/proof-carrying-dependency-repair-v9/results/dependency/74028/analysis.json
74028,dependency,Q-S2,,,9,CHECKED_ALTERNATIVES,outputs/proof-carrying-dependency-repair-v9/results/dependency/74028/analysis.json
522414,interface,Q-S1,TRUE,TRUE,4,CHECKED_ALTERNATIVES,outputs/proof-carrying-dependency-repair-v9/results/interface/522414/analysis.json
522414,interface,Q-S2,TRUE,TRUE,8,CHECKED_ALTERNATIVES,outputs/proof-carrying-dependency-repair-v9/results/interface/522414/analysis.json
522414,dependency,Q-S1,TRUE,TRUE,4,CHECKED_ALTERNATIVES,outputs/proof-carrying-dependency-repair-v9/results/dependency/522414/analysis.json
522414,dependency,Q-S2,TRUE,TRUE,8,CHECKED_ALTERNATIVES,outputs/proof-carrying-dependency-repair-v9/results/dependency/522414/analysis.json
1144022,interface,Q-S1,,,2,CHECKED_ALTERNATIVES,outputs/proof-carrying-dependency-repair-v9/results/interface/1144022/analysis.json
1144022,interface,Q-S2,,,4,CHECKED_ALTERNATIVES,outputs/proof-carrying-dependency-repair-v9/results/interface/1144022/analysis.json
1144022,dependency,Q-S1,,,2,CHECKED_ALTERNATIVES,outputs/proof-carrying-dependency-repair-v9/results/dependency/1144022/analysis.json
1144022,dependency,Q-S2,,,4,CHECKED_ALTERNATIVES,outputs/proof-carrying-dependency-repair-v9/results/dependency/1144022/analysis.json
