case,method,seed,scope,units,agreement,probability_loss
1114159,Flat-ANCO,20261007,PRIMARY_CASE_VARIATION,0,,
1114159,Flat-ANCO,20261007,COVERAGE_OUTSIDE_DIAGNOSTIC,5,0.8,0.8143319614469599
112400,Flat-ANCO,20261007,PRIMARY_CASE_VARIATION,0,,
112400,Flat-ANCO,20261007,COVERAGE_OUTSIDE_DIAGNOSTIC,5,0.4,1.7637027473208229
114533,Flat-ANCO,20261007,PRIMARY_CASE_VARIATION,5,0.6,2.3937155197025195
114533,Flat-ANCO,20261007,COVERAGE_OUTSIDE_DIAGNOSTIC,1,1.0,0.3408699865116346
125596702,Flat-ANCO,20261007,PRIMARY_CASE_VARIATION,5,0.8,0.41300222446789664
125596702,Flat-ANCO,20261007,COVERAGE_OUTSIDE_DIAGNOSTIC,2,1.0,0.3064546270534178
133241208,Flat-ANCO,20261007,PRIMARY_CASE_VARIATION,5,0.8,0.4463183840846295
133241208,Flat-ANCO,20261007,COVERAGE_OUTSIDE_DIAGNOSTIC,1,1.0,0.293992536349307
14884716,Flat-ANCO,20261007,PRIMARY_CASE_VARIATION,35,0.6,0.8019124311617288
14884716,Flat-ANCO,20261007,COVERAGE_OUTSIDE_DIAGNOSTIC,7,1.0,0.5119147455512459
1870868,Flat-ANCO,20261007,PRIMARY_CASE_VARIATION,3,0.6666666666666666,0.6285953366898234
1870868,Flat-ANCO,20261007,COVERAGE_OUTSIDE_DIAGNOSTIC,1,1.0,0.11504375535789152
188721101,Flat-ANCO,20261007,PRIMARY_CASE_VARIATION,8,0.625,1.0260838700378645
188721101,Flat-ANCO,20261007,COVERAGE_OUTSIDE_DIAGNOSTIC,6,0.16666666666666666,3.2121503570252763
191402169,Flat-ANCO,20261007,PRIMARY_CASE_VARIATION,5,0.8,0.24111518370972096
191402169,Flat-ANCO,20261007,COVERAGE_OUTSIDE_DIAGNOSTIC,2,0.5,0.42047793376039316
33810117,Flat-ANCO,20261007,PRIMARY_CASE_VARIATION,5,0.8,0.49572697572679914
33810117,Flat-ANCO,20261007,COVERAGE_OUTSIDE_DIAGNOSTIC,2,1.0,0.08603039408071192
489898,Flat-ANCO,20261007,PRIMARY_CASE_VARIATION,4,0.5,0.5945815839676389
489898,Flat-ANCO,20261007,COVERAGE_OUTSIDE_DIAGNOSTIC,1,1.0,0.36498249803081523
50313565,Flat-ANCO,20261007,PRIMARY_CASE_VARIATION,5,0.8,0.351161477707986
50313565,Flat-ANCO,20261007,COVERAGE_OUTSIDE_DIAGNOSTIC,2,1.0,0.22469969302420853
52547606,Flat-ANCO,20261007,PRIMARY_CASE_VARIATION,8,0.5,0.5658442204639694
52547606,Flat-ANCO,20261007,COVERAGE_OUTSIDE_DIAGNOSTIC,6,0.6666666666666666,3.243005423519692
55384096,Flat-ANCO,20261007,PRIMARY_CASE_VARIATION,10,0.9,0.17942626918495794
55384096,Flat-ANCO,20261007,COVERAGE_OUTSIDE_DIAGNOSTIC,4,0.75,0.5809423082620012
68065690,Flat-ANCO,20261007,PRIMARY_CASE_VARIATION,10,1.0,0.22386054229421717
68065690,Flat-ANCO,20261007,COVERAGE_OUTSIDE_DIAGNOSTIC,4,0.5,0.4261014793273705
68096693,Flat-ANCO,20261007,PRIMARY_CASE_VARIATION,10,1.0,0.12067668921480346
68096693,Flat-ANCO,20261007,COVERAGE_OUTSIDE_DIAGNOSTIC,4,0.5,0.7928464553274677
84524189,Flat-ANCO,20261007,PRIMARY_CASE_VARIATION,10,0.8,0.3118296727855621
84524189,Flat-ANCO,20261007,COVERAGE_OUTSIDE_DIAGNOSTIC,4,1.0,0.24772796675714942
1114159,Flat-ANCO,20261008,PRIMARY_CASE_VARIATION,0,,
1114159,Flat-ANCO,20261008,COVERAGE_OUTSIDE_DIAGNOSTIC,5,0.8,0.7711370453339482
112400,Flat-ANCO,20261008,PRIMARY_CASE_VARIATION,0,,
112400,Flat-ANCO,20261008,COVERAGE_OUTSIDE_DIAGNOSTIC,5,0.4,1.8986084576065678
114533,Flat-ANCO,20261008,PRIMARY_CASE_VARIATION,5,0.6,2.307360313482618
114533,Flat-ANCO,20261008,COVERAGE_OUTSIDE_DIAGNOSTIC,1,1.0,0.45142097167487905
125596702,Flat-ANCO,20261008,PRIMARY_CASE_VARIATION,5,0.8,0.4641429812795831
125596702,Flat-ANCO,20261008,COVERAGE_OUTSIDE_DIAGNOSTIC,2,1.0,0.21843423534969914
133241208,Flat-ANCO,20261008,PRIMARY_CASE_VARIATION,5,0.8,0.5405543754346781
133241208,Flat-ANCO,20261008,COVERAGE_OUTSIDE_DIAGNOSTIC,1,1.0,0.20146304242863122
14884716,Flat-ANCO,20261008,PRIMARY_CASE_VARIATION,35,0.6,0.7214911454201545
14884716,Flat-ANCO,20261008,COVERAGE_OUTSIDE_DIAGNOSTIC,7,1.0,0.21799951810309187
1870868,Flat-ANCO,20261008,PRIMARY_CASE_VARIATION,3,0.6666666666666666,1.801891983340896
1870868,Flat-ANCO,20261008,COVERAGE_OUTSIDE_DIAGNOSTIC,1,1.0,0.0995923145686141
188721101,Flat-ANCO,20261008,PRIMARY_CASE_VARIATION,8,0.625,0.8200792038878184
188721101,Flat-ANCO,20261008,COVERAGE_OUTSIDE_DIAGNOSTIC,6,0.5,2.2520336963009284
191402169,Flat-ANCO,20261008,PRIMARY_CASE_VARIATION,5,0.8,0.2572656185460392
191402169,Flat-ANCO,20261008,COVERAGE_OUTSIDE_DIAGNOSTIC,2,1.0,0.2834955928260396
33810117,Flat-ANCO,20261008,PRIMARY_CASE_VARIATION,5,0.8,0.5079070514228635
33810117,Flat-ANCO,20261008,COVERAGE_OUTSIDE_DIAGNOSTIC,2,1.0,0.08410216631226151
489898,Flat-ANCO,20261008,PRIMARY_CASE_VARIATION,4,0.5,0.412792449657444
489898,Flat-ANCO,20261008,COVERAGE_OUTSIDE_DIAGNOSTIC,1,1.0,0.5749627285946628
50313565,Flat-ANCO,20261008,PRIMARY_CASE_VARIATION,5,0.8,0.2919380264114394
50313565,Flat-ANCO,20261008,COVERAGE_OUTSIDE_DIAGNOSTIC,2,1.0,0.25812803629608766
52547606,Flat-ANCO,20261008,PRIMARY_CASE_VARIATION,8,0.5,0.42228395124003926
52547606,Flat-ANCO,20261008,COVERAGE_OUTSIDE_DIAGNOSTIC,6,0.6666666666666666,4.001169091808914
55384096,Flat-ANCO,20261008,PRIMARY_CASE_VARIATION,10,0.9,0.2642087237220678
55384096,Flat-ANCO,20261008,COVERAGE_OUTSIDE_DIAGNOSTIC,4,0.75,0.3361008091886825
68065690,Flat-ANCO,20261008,PRIMARY_CASE_VARIATION,10,1.0,0.25344510472766957
68065690,Flat-ANCO,20261008,COVERAGE_OUTSIDE_DIAGNOSTIC,4,0.5,0.3784368779357502
68096693,Flat-ANCO,20261008,PRIMARY_CASE_VARIATION,10,0.8,0.27873314133013827
68096693,Flat-ANCO,20261008,COVERAGE_OUTSIDE_DIAGNOSTIC,4,0.75,0.34421000185999784
84524189,Flat-ANCO,20261008,PRIMARY_CASE_VARIATION,10,0.8,0.30818403072258
84524189,Flat-ANCO,20261008,COVERAGE_OUTSIDE_DIAGNOSTIC,4,1.0,0.2595828423270994
1114159,Flat-ANCO,20261009,PRIMARY_CASE_VARIATION,0,,
1114159,Flat-ANCO,20261009,COVERAGE_OUTSIDE_DIAGNOSTIC,5,0.8,0.8305503243438743
112400,Flat-ANCO,20261009,PRIMARY_CASE_VARIATION,0,,
112400,Flat-ANCO,20261009,COVERAGE_OUTSIDE_DIAGNOSTIC,5,0.8,1.884435186594556
114533,Flat-ANCO,20261009,PRIMARY_CASE_VARIATION,5,0.6,3.958810228172818
114533,Flat-ANCO,20261009,COVERAGE_OUTSIDE_DIAGNOSTIC,1,1.0,0.41953767476643994
125596702,Flat-ANCO,20261009,PRIMARY_CASE_VARIATION,5,0.8,0.48702526114174177
125596702,Flat-ANCO,20261009,COVERAGE_OUTSIDE_DIAGNOSTIC,2,1.0,0.23596859908766327
133241208,Flat-ANCO,20261009,PRIMARY_CASE_VARIATION,5,0.8,0.48932097889226667
133241208,Flat-ANCO,20261009,COVERAGE_OUTSIDE_DIAGNOSTIC,1,1.0,0.27078858013907986
14884716,Flat-ANCO,20261009,PRIMARY_CASE_VARIATION,35,0.6,0.7584884310085295
14884716,Flat-ANCO,20261009,COVERAGE_OUTSIDE_DIAGNOSTIC,7,1.0,0.24514807457398538
1870868,Flat-ANCO,20261009,PRIMARY_CASE_VARIATION,3,0.6666666666666666,1.2596949635906907
1870868,Flat-ANCO,20261009,COVERAGE_OUTSIDE_DIAGNOSTIC,1,1.0,0.1654265719785265
188721101,Flat-ANCO,20261009,PRIMARY_CASE_VARIATION,8,0.625,1.1932853437080728
188721101,Flat-ANCO,20261009,COVERAGE_OUTSIDE_DIAGNOSTIC,6,0.5,3.673335080779984
191402169,Flat-ANCO,20261009,PRIMARY_CASE_VARIATION,5,0.8,0.24586718040932248
191402169,Flat-ANCO,20261009,COVERAGE_OUTSIDE_DIAGNOSTIC,2,0.5,0.357247553216967
33810117,Flat-ANCO,20261009,PRIMARY_CASE_VARIATION,5,0.8,0.4457009697467731
33810117,Flat-ANCO,20261009,COVERAGE_OUTSIDE_DIAGNOSTIC,2,1.0,0.15582806038703498
489898,Flat-ANCO,20261009,PRIMARY_CASE_VARIATION,4,0.5,0.3596773784999164
489898,Flat-ANCO,20261009,COVERAGE_OUTSIDE_DIAGNOSTIC,1,1.0,0.6627090745342143
50313565,Flat-ANCO,20261009,PRIMARY_CASE_VARIATION,5,0.8,0.3842078274042765
50313565,Flat-ANCO,20261009,COVERAGE_OUTSIDE_DIAGNOSTIC,2,1.0,0.14944767164573944
52547606,Flat-ANCO,20261009,PRIMARY_CASE_VARIATION,8,0.5,0.6047683654124187
52547606,Flat-ANCO,20261009,COVERAGE_OUTSIDE_DIAGNOSTIC,6,0.6666666666666666,3.599224929203674
55384096,Flat-ANCO,20261009,PRIMARY_CASE_VARIATION,10,0.9,0.23585155423509513
55384096,Flat-ANCO,20261009,COVERAGE_OUTSIDE_DIAGNOSTIC,4,0.75,0.3868511741213736
68065690,Flat-ANCO,20261009,PRIMARY_CASE_VARIATION,10,1.0,0.12394711503466452
68065690,Flat-ANCO,20261009,COVERAGE_OUTSIDE_DIAGNOSTIC,4,0.5,0.6720166189298997
68096693,Flat-ANCO,20261009,PRIMARY_CASE_VARIATION,10,1.0,0.21789486829584376
68096693,Flat-ANCO,20261009,COVERAGE_OUTSIDE_DIAGNOSTIC,4,0.5,0.44010471619202307
84524189,Flat-ANCO,20261009,PRIMARY_CASE_VARIATION,10,0.8,0.31626558991146175
84524189,Flat-ANCO,20261009,COVERAGE_OUTSIDE_DIAGNOSTIC,4,1.0,0.24791524390090408
1114159,Flat,20261007,PRIMARY_CASE_VARIATION,0,,
1114159,Flat,20261007,COVERAGE_OUTSIDE_DIAGNOSTIC,5,0.4,0.9030967803860535
112400,Flat,20261007,PRIMARY_CASE_VARIATION,0,,
112400,Flat,20261007,COVERAGE_OUTSIDE_DIAGNOSTIC,5,0.4,1.7096393534376007
114533,Flat,20261007,PRIMARY_CASE_VARIATION,5,0.6,3.1220684612346044
114533,Flat,20261007,COVERAGE_OUTSIDE_DIAGNOSTIC,1,1.0,0.30613513169875106
125596702,Flat,20261007,PRIMARY_CASE_VARIATION,5,0.8,0.5518152374768873
125596702,Flat,20261007,COVERAGE_OUTSIDE_DIAGNOSTIC,2,1.0,0.20493345429898419
133241208,Flat,20261007,PRIMARY_CASE_VARIATION,5,0.8,0.5120050936181006
133241208,Flat,20261007,COVERAGE_OUTSIDE_DIAGNOSTIC,1,1.0,0.16424401463332408
14884716,Flat,20261007,PRIMARY_CASE_VARIATION,35,0.6,0.8793928975760866
14884716,Flat,20261007,COVERAGE_OUTSIDE_DIAGNOSTIC,7,1.0,0.21043051260739673
1870868,Flat,20261007,PRIMARY_CASE_VARIATION,3,1.0,0.4249696841659516
1870868,Flat,20261007,COVERAGE_OUTSIDE_DIAGNOSTIC,1,1.0,0.31601053607951085
188721101,Flat,20261007,PRIMARY_CASE_VARIATION,8,0.625,0.9804949851673668
188721101,Flat,20261007,COVERAGE_OUTSIDE_DIAGNOSTIC,6,0.5,2.9065608483325085
191402169,Flat,20261007,PRIMARY_CASE_VARIATION,5,0.8,0.2801322338799502
191402169,Flat,20261007,COVERAGE_OUTSIDE_DIAGNOSTIC,2,0.5,0.37358021809889885
33810117,Flat,20261007,PRIMARY_CASE_VARIATION,5,0.8,0.38777252193134204
33810117,Flat,20261007,COVERAGE_OUTSIDE_DIAGNOSTIC,2,1.0,0.21984535699985908
489898,Flat,20261007,PRIMARY_CASE_VARIATION,4,0.5,0.5765040611794593
489898,Flat,20261007,COVERAGE_OUTSIDE_DIAGNOSTIC,1,1.0,0.378743397873091
50313565,Flat,20261007,PRIMARY_CASE_VARIATION,5,0.8,0.3320651400334119
50313565,Flat,20261007,COVERAGE_OUTSIDE_DIAGNOSTIC,2,1.0,0.16423038734028264
52547606,Flat,20261007,PRIMARY_CASE_VARIATION,8,0.5,0.6373820911268795
52547606,Flat,20261007,COVERAGE_OUTSIDE_DIAGNOSTIC,6,0.6666666666666666,4.011570876728148
55384096,Flat,20261007,PRIMARY_CASE_VARIATION,10,0.9,0.2236994669213454
55384096,Flat,20261007,COVERAGE_OUTSIDE_DIAGNOSTIC,4,0.75,0.37626885110391467
68065690,Flat,20261007,PRIMARY_CASE_VARIATION,10,0.8,0.3061337908321394
68065690,Flat,20261007,COVERAGE_OUTSIDE_DIAGNOSTIC,4,0.75,0.3288208678030471
68096693,Flat,20261007,PRIMARY_CASE_VARIATION,10,0.8,0.26089425884952255
68096693,Flat,20261007,COVERAGE_OUTSIDE_DIAGNOSTIC,4,0.75,0.4172928258268387
84524189,Flat,20261007,PRIMARY_CASE_VARIATION,10,0.8,0.37718182599300626
84524189,Flat,20261007,COVERAGE_OUTSIDE_DIAGNOSTIC,4,1.0,0.2376236189580357
1114159,Flat,20261008,PRIMARY_CASE_VARIATION,0,,
1114159,Flat,20261008,COVERAGE_OUTSIDE_DIAGNOSTIC,5,0.6,0.9130973693236457
112400,Flat,20261008,PRIMARY_CASE_VARIATION,0,,
112400,Flat,20261008,COVERAGE_OUTSIDE_DIAGNOSTIC,5,0.4,2.213868324973953
114533,Flat,20261008,PRIMARY_CASE_VARIATION,5,0.6,1.555161995687284
114533,Flat,20261008,COVERAGE_OUTSIDE_DIAGNOSTIC,1,1.0,0.4936128374031335
125596702,Flat,20261008,PRIMARY_CASE_VARIATION,5,0.8,0.41361903758229435
125596702,Flat,20261008,COVERAGE_OUTSIDE_DIAGNOSTIC,2,1.0,0.28516894615251354
133241208,Flat,20261008,PRIMARY_CASE_VARIATION,5,0.8,0.4363276799157359
133241208,Flat,20261008,COVERAGE_OUTSIDE_DIAGNOSTIC,1,1.0,0.32581665741451593
14884716,Flat,20261008,PRIMARY_CASE_VARIATION,35,0.6,0.9995174683209852
14884716,Flat,20261008,COVERAGE_OUTSIDE_DIAGNOSTIC,7,1.0,0.4666318113579406
1870868,Flat,20261008,PRIMARY_CASE_VARIATION,3,0.6666666666666666,0.5467910852460736
1870868,Flat,20261008,COVERAGE_OUTSIDE_DIAGNOSTIC,1,1.0,0.46041402229897443
188721101,Flat,20261008,PRIMARY_CASE_VARIATION,8,0.625,0.8935007197242881
188721101,Flat,20261008,COVERAGE_OUTSIDE_DIAGNOSTIC,6,0.5,2.7437904019701325
191402169,Flat,20261008,PRIMARY_CASE_VARIATION,5,0.8,0.3201178588204062
191402169,Flat,20261008,COVERAGE_OUTSIDE_DIAGNOSTIC,2,0.5,0.6111910177079758
33810117,Flat,20261008,PRIMARY_CASE_VARIATION,5,0.8,0.3946963507129299
33810117,Flat,20261008,COVERAGE_OUTSIDE_DIAGNOSTIC,2,1.0,0.29066812718251767
489898,Flat,20261008,PRIMARY_CASE_VARIATION,4,0.5,0.4652152164667781
489898,Flat,20261008,COVERAGE_OUTSIDE_DIAGNOSTIC,1,1.0,0.5006318774999955
50313565,Flat,20261008,PRIMARY_CASE_VARIATION,5,0.8,0.29685852785461525
50313565,Flat,20261008,COVERAGE_OUTSIDE_DIAGNOSTIC,2,1.0,0.21924805182029353
52547606,Flat,20261008,PRIMARY_CASE_VARIATION,8,0.5,0.5513945146129389
52547606,Flat,20261008,COVERAGE_OUTSIDE_DIAGNOSTIC,6,0.6666666666666666,3.0388013298924546
55384096,Flat,20261008,PRIMARY_CASE_VARIATION,10,0.9,0.21000310509625372
55384096,Flat,20261008,COVERAGE_OUTSIDE_DIAGNOSTIC,4,0.75,0.44272416050685603
68065690,Flat,20261008,PRIMARY_CASE_VARIATION,10,1.0,0.15883290961367383
68065690,Flat,20261008,COVERAGE_OUTSIDE_DIAGNOSTIC,4,0.5,0.5662881154788628
68096693,Flat,20261008,PRIMARY_CASE_VARIATION,10,1.0,0.16092122096419406
68096693,Flat,20261008,COVERAGE_OUTSIDE_DIAGNOSTIC,4,0.5,0.5960906922259629
84524189,Flat,20261008,PRIMARY_CASE_VARIATION,10,0.8,0.4116677695862709
84524189,Flat,20261008,COVERAGE_OUTSIDE_DIAGNOSTIC,4,1.0,0.2588607287619799
1114159,Flat,20261009,PRIMARY_CASE_VARIATION,0,,
1114159,Flat,20261009,COVERAGE_OUTSIDE_DIAGNOSTIC,5,0.6,0.8982397343966124
112400,Flat,20261009,PRIMARY_CASE_VARIATION,0,,
112400,Flat,20261009,COVERAGE_OUTSIDE_DIAGNOSTIC,5,0.4,1.2631133484229262
114533,Flat,20261009,PRIMARY_CASE_VARIATION,5,0.6,1.492850727646179
114533,Flat,20261009,COVERAGE_OUTSIDE_DIAGNOSTIC,1,1.0,0.4408783149989871
125596702,Flat,20261009,PRIMARY_CASE_VARIATION,5,0.8,0.397139576653512
125596702,Flat,20261009,COVERAGE_OUTSIDE_DIAGNOSTIC,2,1.0,0.2809304622453128
133241208,Flat,20261009,PRIMARY_CASE_VARIATION,5,0.8,0.3826143039640056
133241208,Flat,20261009,COVERAGE_OUTSIDE_DIAGNOSTIC,1,1.0,0.2725173929107842
14884716,Flat,20261009,PRIMARY_CASE_VARIATION,35,0.6,1.0324906994743563
14884716,Flat,20261009,COVERAGE_OUTSIDE_DIAGNOSTIC,7,1.0,0.30998430310615005
1870868,Flat,20261009,PRIMARY_CASE_VARIATION,3,0.6666666666666666,1.0139451646745368
1870868,Flat,20261009,COVERAGE_OUTSIDE_DIAGNOSTIC,1,1.0,0.38704537727410226
188721101,Flat,20261009,PRIMARY_CASE_VARIATION,8,0.625,1.1342957596925212
188721101,Flat,20261009,COVERAGE_OUTSIDE_DIAGNOSTIC,6,0.3333333333333333,3.712294600823196
191402169,Flat,20261009,PRIMARY_CASE_VARIATION,5,0.8,0.299610460421801
191402169,Flat,20261009,COVERAGE_OUTSIDE_DIAGNOSTIC,2,0.5,0.5319846345566465
33810117,Flat,20261009,PRIMARY_CASE_VARIATION,5,0.8,0.3151393140813933
33810117,Flat,20261009,COVERAGE_OUTSIDE_DIAGNOSTIC,2,1.0,0.20793928341638376
489898,Flat,20261009,PRIMARY_CASE_VARIATION,4,0.5,0.4447874061893164
489898,Flat,20261009,COVERAGE_OUTSIDE_DIAGNOSTIC,1,1.0,0.5252472053564501
50313565,Flat,20261009,PRIMARY_CASE_VARIATION,5,0.8,0.29277254954789733
50313565,Flat,20261009,COVERAGE_OUTSIDE_DIAGNOSTIC,2,1.0,0.23983580941474558
52547606,Flat,20261009,PRIMARY_CASE_VARIATION,8,0.5,0.5493025242466022
52547606,Flat,20261009,COVERAGE_OUTSIDE_DIAGNOSTIC,6,0.6666666666666666,2.627977112488676
55384096,Flat,20261009,PRIMARY_CASE_VARIATION,10,0.9,0.2064813211154209
55384096,Flat,20261009,COVERAGE_OUTSIDE_DIAGNOSTIC,4,0.5,0.5272082577891402
68065690,Flat,20261009,PRIMARY_CASE_VARIATION,10,1.0,0.16952212499664548
68065690,Flat,20261009,COVERAGE_OUTSIDE_DIAGNOSTIC,4,0.5,0.5381083744699819
68096693,Flat,20261009,PRIMARY_CASE_VARIATION,10,1.0,0.1475805928363087
68096693,Flat,20261009,COVERAGE_OUTSIDE_DIAGNOSTIC,4,0.5,0.5975164267641354
84524189,Flat,20261009,PRIMARY_CASE_VARIATION,10,0.8,0.3215698546329508
84524189,Flat,20261009,COVERAGE_OUTSIDE_DIAGNOSTIC,4,1.0,0.21351592267041225
1114159,R-GCN-ANCO,20261007,PRIMARY_CASE_VARIATION,0,,
1114159,R-GCN-ANCO,20261007,COVERAGE_OUTSIDE_DIAGNOSTIC,5,0.6,7.831993016488778
112400,R-GCN-ANCO,20261007,PRIMARY_CASE_VARIATION,0,,
112400,R-GCN-ANCO,20261007,COVERAGE_OUTSIDE_DIAGNOSTIC,5,0.4,3.9430014331024914
114533,R-GCN-ANCO,20261007,PRIMARY_CASE_VARIATION,5,0.6,5.215084750815741
114533,R-GCN-ANCO,20261007,COVERAGE_OUTSIDE_DIAGNOSTIC,1,1.0,4.6491730998689764e-06
125596702,R-GCN-ANCO,20261007,PRIMARY_CASE_VARIATION,5,0.2,3.7982822806161662
125596702,R-GCN-ANCO,20261007,COVERAGE_OUTSIDE_DIAGNOSTIC,2,0.5,2.6893153023805563
133241208,R-GCN-ANCO,20261007,PRIMARY_CASE_VARIATION,5,0.8,0.8779641470916392
133241208,R-GCN-ANCO,20261007,COVERAGE_OUTSIDE_DIAGNOSTIC,1,1.0,7.86784406175548e-06
14884716,R-GCN-ANCO,20261007,PRIMARY_CASE_VARIATION,35,0.6,5.196474414267652
14884716,R-GCN-ANCO,20261007,COVERAGE_OUTSIDE_DIAGNOSTIC,7,1.0,1.0217939916401616e-07
1870868,R-GCN-ANCO,20261007,PRIMARY_CASE_VARIATION,3,0.6666666666666666,4.2728367316911315
1870868,R-GCN-ANCO,20261007,COVERAGE_OUTSIDE_DIAGNOSTIC,1,1.0,1.5497219649786204e-06
188721101,R-GCN-ANCO,20261007,PRIMARY_CASE_VARIATION,8,0.125,5.468545714184243
188721101,R-GCN-ANCO,20261007,COVERAGE_OUTSIDE_DIAGNOSTIC,6,0.3333333333333333,5.60877436461513
191402169,R-GCN-ANCO,20261007,PRIMARY_CASE_VARIATION,5,0.4,3.412001821422746
191402169,R-GCN-ANCO,20261007,COVERAGE_OUTSIDE_DIAGNOSTIC,2,0.5,1.5047445890592286
33810117,R-GCN-ANCO,20261007,PRIMARY_CASE_VARIATION,5,0.8,1.8158806034620631
33810117,R-GCN-ANCO,20261007,COVERAGE_OUTSIDE_DIAGNOSTIC,2,1.0,8.463913858296294e-06
489898,R-GCN-ANCO,20261007,PRIMARY_CASE_VARIATION,4,0.5,3.5296796619124606
489898,R-GCN-ANCO,20261007,COVERAGE_OUTSIDE_DIAGNOSTIC,1,1.0,2.3841886331910857e-06
50313565,R-GCN-ANCO,20261007,PRIMARY_CASE_VARIATION,5,0.8,2.6756084574535093
50313565,R-GCN-ANCO,20261007,COVERAGE_OUTSIDE_DIAGNOSTIC,2,1.0,2.8610277524995158e-06
52547606,R-GCN-ANCO,20261007,PRIMARY_CASE_VARIATION,8,0.875,0.3654424403348905
52547606,R-GCN-ANCO,20261007,COVERAGE_OUTSIDE_DIAGNOSTIC,6,0.6666666666666666,5.129510467607052
55384096,R-GCN-ANCO,20261007,PRIMARY_CASE_VARIATION,10,0.8,1.1697398441293037
55384096,R-GCN-ANCO,20261007,COVERAGE_OUTSIDE_DIAGNOSTIC,4,0.75,0.19074130924260407
68065690,R-GCN-ANCO,20261007,PRIMARY_CASE_VARIATION,10,1.0,0.040671705241283995
68065690,R-GCN-ANCO,20261007,COVERAGE_OUTSIDE_DIAGNOSTIC,4,1.0,0.0007819393272687138
68096693,R-GCN-ANCO,20261007,PRIMARY_CASE_VARIATION,10,1.0,0.0007835177681340073
68096693,R-GCN-ANCO,20261007,COVERAGE_OUTSIDE_DIAGNOSTIC,4,0.75,4.783234797118057
84524189,R-GCN-ANCO,20261007,PRIMARY_CASE_VARIATION,10,0.9,1.2270611147261385
84524189,R-GCN-ANCO,20261007,COVERAGE_OUTSIDE_DIAGNOSTIC,4,1.0,0.01332168588814554
1114159,R-GCN-ANCO,20261008,PRIMARY_CASE_VARIATION,0,,
1114159,R-GCN-ANCO,20261008,COVERAGE_OUTSIDE_DIAGNOSTIC,5,0.8,1.7992375301489543
112400,R-GCN-ANCO,20261008,PRIMARY_CASE_VARIATION,0,,
112400,R-GCN-ANCO,20261008,COVERAGE_OUTSIDE_DIAGNOSTIC,5,0.6,4.35270271697448
114533,R-GCN-ANCO,20261008,PRIMARY_CASE_VARIATION,5,0.6,6.013502410783116
114533,R-GCN-ANCO,20261008,COVERAGE_OUTSIDE_DIAGNOSTIC,1,1.0,0.00019176652826782007
125596702,R-GCN-ANCO,20261008,PRIMARY_CASE_VARIATION,5,0.2,1.3691873592532648
125596702,R-GCN-ANCO,20261008,COVERAGE_OUTSIDE_DIAGNOSTIC,2,0.5,1.5814133529551735
133241208,R-GCN-ANCO,20261008,PRIMARY_CASE_VARIATION,5,0.6,1.0468104330790964
133241208,R-GCN-ANCO,20261008,COVERAGE_OUTSIDE_DIAGNOSTIC,1,1.0,0.0029968179582591033
14884716,R-GCN-ANCO,20261008,PRIMARY_CASE_VARIATION,35,0.4857142857142857,2.3994875185861075
14884716,R-GCN-ANCO,20261008,COVERAGE_OUTSIDE_DIAGNOSTIC,7,1.0,0.00024270092604636046
1870868,R-GCN-ANCO,20261008,PRIMARY_CASE_VARIATION,3,0.6666666666666666,4.05794500483779
1870868,R-GCN-ANCO,20261008,COVERAGE_OUTSIDE_DIAGNOSTIC,1,1.0,5.841272248185802e-06
188721101,R-GCN-ANCO,20261008,PRIMARY_CASE_VARIATION,8,0.25,2.2622754490088064
188721101,R-GCN-ANCO,20261008,COVERAGE_OUTSIDE_DIAGNOSTIC,6,0.5,1.9889765688824046
191402169,R-GCN-ANCO,20261008,PRIMARY_CASE_VARIATION,5,0.6,1.343673872632935
191402169,R-GCN-ANCO,20261008,COVERAGE_OUTSIDE_DIAGNOSTIC,2,0.5,1.615482066412704
33810117,R-GCN-ANCO,20261008,PRIMARY_CASE_VARIATION,5,0.4,5.933123645134894
33810117,R-GCN-ANCO,20261008,COVERAGE_OUTSIDE_DIAGNOSTIC,2,1.0,5.364419912724397e-07
489898,R-GCN-ANCO,20261008,PRIMARY_CASE_VARIATION,4,0.75,0.929479676148631
489898,R-GCN-ANCO,20261008,COVERAGE_OUTSIDE_DIAGNOSTIC,1,1.0,0.014278417931548739
50313565,R-GCN-ANCO,20261008,PRIMARY_CASE_VARIATION,5,0.6,4.797074786796181
50313565,R-GCN-ANCO,20261008,COVERAGE_OUTSIDE_DIAGNOSTIC,2,1.0,7.796895420805317e-05
52547606,R-GCN-ANCO,20261008,PRIMARY_CASE_VARIATION,8,0.875,1.8958016813575345
52547606,R-GCN-ANCO,20261008,COVERAGE_OUTSIDE_DIAGNOSTIC,6,0.6666666666666666,5.644123925897236
55384096,R-GCN-ANCO,20261008,PRIMARY_CASE_VARIATION,10,0.6,1.8584691229361041
55384096,R-GCN-ANCO,20261008,COVERAGE_OUTSIDE_DIAGNOSTIC,4,0.75,1.731660235958899
68065690,R-GCN-ANCO,20261008,PRIMARY_CASE_VARIATION,10,1.0,2.9478086968232357e-05
68065690,R-GCN-ANCO,20261008,COVERAGE_OUTSIDE_DIAGNOSTIC,4,0.75,0.35384333564567705
68096693,R-GCN-ANCO,20261008,PRIMARY_CASE_VARIATION,10,1.0,0.007157111612518916
68096693,R-GCN-ANCO,20261008,COVERAGE_OUTSIDE_DIAGNOSTIC,4,0.75,2.22101997525711
84524189,R-GCN-ANCO,20261008,PRIMARY_CASE_VARIATION,10,0.9,0.5307385726289948
84524189,R-GCN-ANCO,20261008,COVERAGE_OUTSIDE_DIAGNOSTIC,4,1.0,0.0819318441751475
1114159,R-GCN-ANCO,20261009,PRIMARY_CASE_VARIATION,0,,
1114159,R-GCN-ANCO,20261009,COVERAGE_OUTSIDE_DIAGNOSTIC,5,0.6,2.492828202878077
112400,R-GCN-ANCO,20261009,PRIMARY_CASE_VARIATION,0,,
112400,R-GCN-ANCO,20261009,COVERAGE_OUTSIDE_DIAGNOSTIC,5,0.6,4.460727325604653
114533,R-GCN-ANCO,20261009,PRIMARY_CASE_VARIATION,5,0.6,5.6955865645437225
114533,R-GCN-ANCO,20261009,COVERAGE_OUTSIDE_DIAGNOSTIC,1,1.0,2.16963260618223e-05
125596702,R-GCN-ANCO,20261009,PRIMARY_CASE_VARIATION,5,0.8,0.17200028811884913
125596702,R-GCN-ANCO,20261009,COVERAGE_OUTSIDE_DIAGNOSTIC,2,1.0,0.10239086386677128
133241208,R-GCN-ANCO,20261009,PRIMARY_CASE_VARIATION,5,0.8,0.39078576872220594
133241208,R-GCN-ANCO,20261009,COVERAGE_OUTSIDE_DIAGNOSTIC,1,1.0,0.0077964410024406955
14884716,R-GCN-ANCO,20261009,PRIMARY_CASE_VARIATION,35,0.42857142857142855,4.131843609792052
14884716,R-GCN-ANCO,20261009,COVERAGE_OUTSIDE_DIAGNOSTIC,7,1.0,0.0228196970841195
1870868,R-GCN-ANCO,20261009,PRIMARY_CASE_VARIATION,3,0.6666666666666666,4.766078724180955
1870868,R-GCN-ANCO,20261009,COVERAGE_OUTSIDE_DIAGNOSTIC,1,1.0,6.079692248381307e-06
188721101,R-GCN-ANCO,20261009,PRIMARY_CASE_VARIATION,8,0.625,2.0237010505841297
188721101,R-GCN-ANCO,20261009,COVERAGE_OUTSIDE_DIAGNOSTIC,6,0.5,1.6470294192412556
191402169,R-GCN-ANCO,20261009,PRIMARY_CASE_VARIATION,5,0.8,1.9532579395078016
191402169,R-GCN-ANCO,20261009,COVERAGE_OUTSIDE_DIAGNOSTIC,2,1.0,0.0010160958497504296
33810117,R-GCN-ANCO,20261009,PRIMARY_CASE_VARIATION,5,0.6,4.273988899144643
33810117,R-GCN-ANCO,20261009,COVERAGE_OUTSIDE_DIAGNOSTIC,2,1.0,1.788139520897428e-07
489898,R-GCN-ANCO,20261009,PRIMARY_CASE_VARIATION,4,1.0,0.06191034501642316
489898,R-GCN-ANCO,20261009,COVERAGE_OUTSIDE_DIAGNOSTIC,1,1.0,0.0001798433841393414
50313565,R-GCN-ANCO,20261009,PRIMARY_CASE_VARIATION,5,0.8,2.39440054393255
50313565,R-GCN-ANCO,20261009,COVERAGE_OUTSIDE_DIAGNOSTIC,2,1.0,0.0001479307721296567
52547606,R-GCN-ANCO,20261009,PRIMARY_CASE_VARIATION,8,0.875,1.9531749833807504
52547606,R-GCN-ANCO,20261009,COVERAGE_OUTSIDE_DIAGNOSTIC,6,0.6666666666666666,5.560854864716313
55384096,R-GCN-ANCO,20261009,PRIMARY_CASE_VARIATION,10,0.9,0.3378285275424679
55384096,R-GCN-ANCO,20261009,COVERAGE_OUTSIDE_DIAGNOSTIC,4,0.75,0.6120670382363846
68065690,R-GCN-ANCO,20261009,PRIMARY_CASE_VARIATION,10,1.0,1.02520514534671e-06
68065690,R-GCN-ANCO,20261009,COVERAGE_OUTSIDE_DIAGNOSTIC,4,1.0,1.2010621578406049e-05
68096693,R-GCN-ANCO,20261009,PRIMARY_CASE_VARIATION,10,1.0,0.0003914711025298605
68096693,R-GCN-ANCO,20261009,COVERAGE_OUTSIDE_DIAGNOSTIC,4,0.75,3.5289906708384833
84524189,R-GCN-ANCO,20261009,PRIMARY_CASE_VARIATION,10,0.9,1.1822508919037344
84524189,R-GCN-ANCO,20261009,COVERAGE_OUTSIDE_DIAGNOSTIC,4,1.0,0.06713860138018929
1114159,R-GCN,20261007,PRIMARY_CASE_VARIATION,0,,
1114159,R-GCN,20261007,COVERAGE_OUTSIDE_DIAGNOSTIC,5,0.6,2.911846528073935
112400,R-GCN,20261007,PRIMARY_CASE_VARIATION,0,,
112400,R-GCN,20261007,COVERAGE_OUTSIDE_DIAGNOSTIC,5,0.4,7.570811125173674
114533,R-GCN,20261007,PRIMARY_CASE_VARIATION,5,0.6,8.004001866160909
114533,R-GCN,20261007,COVERAGE_OUTSIDE_DIAGNOSTIC,1,1.0,7.152559931001943e-07
125596702,R-GCN,20261007,PRIMARY_CASE_VARIATION,5,0.6,0.9579285531724985
125596702,R-GCN,20261007,COVERAGE_OUTSIDE_DIAGNOSTIC,2,1.0,0.1916795354175276
133241208,R-GCN,20261007,PRIMARY_CASE_VARIATION,5,0.8,0.5188405142667617
133241208,R-GCN,20261007,COVERAGE_OUTSIDE_DIAGNOSTIC,1,1.0,0.00034063895110698114
14884716,R-GCN,20261007,PRIMARY_CASE_VARIATION,35,0.45714285714285713,3.589636821390085
14884716,R-GCN,20261007,COVERAGE_OUTSIDE_DIAGNOSTIC,7,1.0,0.002227654013352131
1870868,R-GCN,20261007,PRIMARY_CASE_VARIATION,3,0.3333333333333333,4.150031070295616
1870868,R-GCN,20261007,COVERAGE_OUTSIDE_DIAGNOSTIC,1,1.0,1.1920929665620916e-07
188721101,R-GCN,20261007,PRIMARY_CASE_VARIATION,8,0.375,3.7795877733441468
188721101,R-GCN,20261007,COVERAGE_OUTSIDE_DIAGNOSTIC,6,0.5,3.186641016025152
191402169,R-GCN,20261007,PRIMARY_CASE_VARIATION,5,0.8,1.6950569190897664
191402169,R-GCN,20261007,COVERAGE_OUTSIDE_DIAGNOSTIC,2,1.0,9.439180033975161e-05
33810117,R-GCN,20261007,PRIMARY_CASE_VARIATION,5,0.4,2.7321248245069487
33810117,R-GCN,20261007,COVERAGE_OUTSIDE_DIAGNOSTIC,2,1.0,9.77524635562453e-06
489898,R-GCN,20261007,PRIMARY_CASE_VARIATION,4,0.75,2.9875011946084595
489898,R-GCN,20261007,COVERAGE_OUTSIDE_DIAGNOSTIC,1,1.0,5.960466253896608e-07
50313565,R-GCN,20261007,PRIMARY_CASE_VARIATION,5,0.8,2.6630018142943657
50313565,R-GCN,20261007,COVERAGE_OUTSIDE_DIAGNOSTIC,2,1.0,1.6033906527990583e-05
52547606,R-GCN,20261007,PRIMARY_CASE_VARIATION,8,0.875,0.580383403537038
52547606,R-GCN,20261007,COVERAGE_OUTSIDE_DIAGNOSTIC,6,0.6666666666666666,6.933869218747513
55384096,R-GCN,20261007,PRIMARY_CASE_VARIATION,10,0.9,0.3819511267778578
55384096,R-GCN,20261007,COVERAGE_OUTSIDE_DIAGNOSTIC,4,1.0,0.003962866762506541
68065690,R-GCN,20261007,PRIMARY_CASE_VARIATION,10,1.0,0.0
68065690,R-GCN,20261007,COVERAGE_OUTSIDE_DIAGNOSTIC,4,1.0,7.748615828997828e-07
68096693,R-GCN,20261007,PRIMARY_CASE_VARIATION,10,1.0,0.00019976936956405105
68096693,R-GCN,20261007,COVERAGE_OUTSIDE_DIAGNOSTIC,4,0.75,4.120078296050222
84524189,R-GCN,20261007,PRIMARY_CASE_VARIATION,10,0.9,0.4589124465419824
84524189,R-GCN,20261007,COVERAGE_OUTSIDE_DIAGNOSTIC,4,1.0,0.00030719405773838173
1114159,R-GCN,20261008,PRIMARY_CASE_VARIATION,0,,
1114159,R-GCN,20261008,COVERAGE_OUTSIDE_DIAGNOSTIC,5,0.8,2.1152066462137684
112400,R-GCN,20261008,PRIMARY_CASE_VARIATION,0,,
112400,R-GCN,20261008,COVERAGE_OUTSIDE_DIAGNOSTIC,5,0.6,4.999319497913516
114533,R-GCN,20261008,PRIMARY_CASE_VARIATION,5,0.6,5.203906300767753
114533,R-GCN,20261008,COVERAGE_OUTSIDE_DIAGNOSTIC,1,1.0,0.0001766241595980692
125596702,R-GCN,20261008,PRIMARY_CASE_VARIATION,5,0.8,0.6043181514114742
125596702,R-GCN,20261008,COVERAGE_OUTSIDE_DIAGNOSTIC,2,1.0,0.34017099901463616
133241208,R-GCN,20261008,PRIMARY_CASE_VARIATION,5,0.8,0.6370887581467266
133241208,R-GCN,20261008,COVERAGE_OUTSIDE_DIAGNOSTIC,1,1.0,0.0005773780306249949
14884716,R-GCN,20261008,PRIMARY_CASE_VARIATION,35,0.4,3.1101715340919895
14884716,R-GCN,20261008,COVERAGE_OUTSIDE_DIAGNOSTIC,7,1.0,6.320077720518642e-05
1870868,R-GCN,20261008,PRIMARY_CASE_VARIATION,3,0.3333333333333333,3.5359948391158547
1870868,R-GCN,20261008,COVERAGE_OUTSIDE_DIAGNOSTIC,1,1.0,1.4543639083401502e-05
188721101,R-GCN,20261008,PRIMARY_CASE_VARIATION,8,0.625,2.5908935925970566
188721101,R-GCN,20261008,COVERAGE_OUTSIDE_DIAGNOSTIC,6,0.8333333333333334,1.9540208212212822
191402169,R-GCN,20261008,PRIMARY_CASE_VARIATION,5,0.8,1.5530569502160074
191402169,R-GCN,20261008,COVERAGE_OUTSIDE_DIAGNOSTIC,2,1.0,0.083980548844431
33810117,R-GCN,20261008,PRIMARY_CASE_VARIATION,5,0.4,2.6332392014822887
33810117,R-GCN,20261008,COVERAGE_OUTSIDE_DIAGNOSTIC,2,1.0,4.2141532744607464e-05
489898,R-GCN,20261008,PRIMARY_CASE_VARIATION,4,0.5,2.914694867817511
489898,R-GCN,20261008,COVERAGE_OUTSIDE_DIAGNOSTIC,1,1.0,5.0903662207613496e-05
50313565,R-GCN,20261008,PRIMARY_CASE_VARIATION,5,0.6,0.9672167977913816
50313565,R-GCN,20261008,COVERAGE_OUTSIDE_DIAGNOSTIC,2,1.0,0.0005701044176406087
52547606,R-GCN,20261008,PRIMARY_CASE_VARIATION,8,0.75,0.8958295300123393
52547606,R-GCN,20261008,COVERAGE_OUTSIDE_DIAGNOSTIC,6,0.6666666666666666,5.444517293387787
55384096,R-GCN,20261008,PRIMARY_CASE_VARIATION,10,0.9,0.9429330159339729
55384096,R-GCN,20261008,COVERAGE_OUTSIDE_DIAGNOSTIC,4,1.0,0.009280588349727465
68065690,R-GCN,20261008,PRIMARY_CASE_VARIATION,10,1.0,2.0588128895495792e-05
68065690,R-GCN,20261008,COVERAGE_OUTSIDE_DIAGNOSTIC,4,1.0,0.06818761414551108
68096693,R-GCN,20261008,PRIMARY_CASE_VARIATION,10,1.0,0.0005878464336292274
68096693,R-GCN,20261008,COVERAGE_OUTSIDE_DIAGNOSTIC,4,0.75,2.739568932872997
84524189,R-GCN,20261008,PRIMARY_CASE_VARIATION,10,1.0,0.004227939773000008
84524189,R-GCN,20261008,COVERAGE_OUTSIDE_DIAGNOSTIC,4,1.0,0.2488860977332158
1114159,R-GCN,20261009,PRIMARY_CASE_VARIATION,0,,
1114159,R-GCN,20261009,COVERAGE_OUTSIDE_DIAGNOSTIC,5,0.6,1.5273065088721
112400,R-GCN,20261009,PRIMARY_CASE_VARIATION,0,,
112400,R-GCN,20261009,COVERAGE_OUTSIDE_DIAGNOSTIC,5,0.8,5.624045739664789
114533,R-GCN,20261009,PRIMARY_CASE_VARIATION,5,0.6,6.887496333847993
114533,R-GCN,20261009,COVERAGE_OUTSIDE_DIAGNOSTIC,1,1.0,0.0062501438519820445
125596702,R-GCN,20261009,PRIMARY_CASE_VARIATION,5,0.8,0.23788580043636184
125596702,R-GCN,20261009,COVERAGE_OUTSIDE_DIAGNOSTIC,2,1.0,0.0060996486977228145
133241208,R-GCN,20261009,PRIMARY_CASE_VARIATION,5,0.6,0.8050983676526119
133241208,R-GCN,20261009,COVERAGE_OUTSIDE_DIAGNOSTIC,1,1.0,0.0029027230981363535
14884716,R-GCN,20261009,PRIMARY_CASE_VARIATION,35,0.4857142857142857,3.8486571753550045
14884716,R-GCN,20261009,COVERAGE_OUTSIDE_DIAGNOSTIC,7,1.0,0.0029737449363044163
1870868,R-GCN,20261009,PRIMARY_CASE_VARIATION,3,0.6666666666666666,4.612672036059988
1870868,R-GCN,20261009,COVERAGE_OUTSIDE_DIAGNOSTIC,1,1.0,2.026559975834562e-06
188721101,R-GCN,20261009,PRIMARY_CASE_VARIATION,8,0.375,2.287551044812465
188721101,R-GCN,20261009,COVERAGE_OUTSIDE_DIAGNOSTIC,6,0.5,4.313387447998598
191402169,R-GCN,20261009,PRIMARY_CASE_VARIATION,5,0.8,1.1671925684461262
191402169,R-GCN,20261009,COVERAGE_OUTSIDE_DIAGNOSTIC,2,1.0,0.00684371041982785
33810117,R-GCN,20261009,PRIMARY_CASE_VARIATION,5,0.6,2.653660875763021
33810117,R-GCN,20261009,COVERAGE_OUTSIDE_DIAGNOSTIC,2,1.0,1.6808663625639642e-05
489898,R-GCN,20261009,PRIMARY_CASE_VARIATION,4,0.75,1.9437764705868112
489898,R-GCN,20261009,COVERAGE_OUTSIDE_DIAGNOSTIC,1,1.0,3.6001853503286645e-05
50313565,R-GCN,20261009,PRIMARY_CASE_VARIATION,5,0.8,2.675354927201138
50313565,R-GCN,20261009,COVERAGE_OUTSIDE_DIAGNOSTIC,2,1.0,1.8298860916383962e-05
52547606,R-GCN,20261009,PRIMARY_CASE_VARIATION,8,0.875,0.3803496131571734
52547606,R-GCN,20261009,COVERAGE_OUTSIDE_DIAGNOSTIC,6,0.6666666666666666,5.7979848707679364
55384096,R-GCN,20261009,PRIMARY_CASE_VARIATION,10,0.7,0.6377772655993275
55384096,R-GCN,20261009,COVERAGE_OUTSIDE_DIAGNOSTIC,4,1.0,0.054800815787510504
68065690,R-GCN,20261009,PRIMARY_CASE_VARIATION,10,1.0,3.576279326012052e-08
68065690,R-GCN,20261009,COVERAGE_OUTSIDE_DIAGNOSTIC,4,1.0,0.03092728005346996
68096693,R-GCN,20261009,PRIMARY_CASE_VARIATION,10,1.0,0.0667068340174341
68096693,R-GCN,20261009,COVERAGE_OUTSIDE_DIAGNOSTIC,4,0.75,1.0398520751501863
84524189,R-GCN,20261009,PRIMARY_CASE_VARIATION,10,0.9,1.0136510177529021
84524189,R-GCN,20261009,COVERAGE_OUTSIDE_DIAGNOSTIC,4,1.0,0.0008163331856441995
1114159,prior,,PRIMARY_CASE_VARIATION,0,,
1114159,prior,,COVERAGE_OUTSIDE_DIAGNOSTIC,5,0.4,1.1090354888959124
112400,prior,,PRIMARY_CASE_VARIATION,0,,
112400,prior,,COVERAGE_OUTSIDE_DIAGNOSTIC,5,0.4,1.1090354888959124
114533,prior,,PRIMARY_CASE_VARIATION,5,0.8,0.6853992148967591
114533,prior,,COVERAGE_OUTSIDE_DIAGNOSTIC,1,1.0,0.2231435513142097
125596702,prior,,PRIMARY_CASE_VARIATION,5,1.0,0.39793582626366325
125596702,prior,,COVERAGE_OUTSIDE_DIAGNOSTIC,2,1.0,0.244176383956966
133241208,prior,,PRIMARY_CASE_VARIATION,5,1.0,0.39793582626366325
133241208,prior,,COVERAGE_OUTSIDE_DIAGNOSTIC,1,1.0,0.2006706954621511
14884716,prior,,PRIMARY_CASE_VARIATION,35,0.4,1.0068403138083477
14884716,prior,,COVERAGE_OUTSIDE_DIAGNOSTIC,7,1.0,0.2006706954621511
1870868,prior,,PRIMARY_CASE_VARIATION,3,0.3333333333333333,1.2722376085412737
1870868,prior,,COVERAGE_OUTSIDE_DIAGNOSTIC,1,1.0,0.2231435513142097
188721101,prior,,PRIMARY_CASE_VARIATION,8,0.875,0.577377094780699
188721101,prior,,COVERAGE_OUTSIDE_DIAGNOSTIC,6,0.5,1.2113791125643638
191402169,prior,,PRIMARY_CASE_VARIATION,5,1.0,0.39793582626366325
191402169,prior,,COVERAGE_OUTSIDE_DIAGNOSTIC,2,1.0,0.244176383956966
33810117,prior,,PRIMARY_CASE_VARIATION,5,1.0,0.3921318011380738
33810117,prior,,COVERAGE_OUTSIDE_DIAGNOSTIC,2,1.0,0.2989185003778102
489898,prior,,PRIMARY_CASE_VARIATION,4,0.75,0.5312405142454113
489898,prior,,COVERAGE_OUTSIDE_DIAGNOSTIC,1,1.0,0.2231435513142097
50313565,prior,,PRIMARY_CASE_VARIATION,5,1.0,0.3921318011380738
50313565,prior,,COVERAGE_OUTSIDE_DIAGNOSTIC,2,1.0,0.2989185003778102
52547606,prior,,PRIMARY_CASE_VARIATION,8,0.75,0.5312405142454113
52547606,prior,,COVERAGE_OUTSIDE_DIAGNOSTIC,6,0.6666666666666666,0.9668073645832219
55384096,prior,,PRIMARY_CASE_VARIATION,10,0.9,0.43848233707447976
55384096,prior,,COVERAGE_OUTSIDE_DIAGNOSTIC,4,1.0,0.244176383956966
68065690,prior,,PRIMARY_CASE_VARIATION,10,0.8,0.4825288258866852
68065690,prior,,COVERAGE_OUTSIDE_DIAGNOSTIC,4,1.0,0.2989185003778102
68096693,prior,,PRIMARY_CASE_VARIATION,10,0.8,0.4790288478852961
68096693,prior,,COVERAGE_OUTSIDE_DIAGNOSTIC,4,1.0,0.244176383956966
84524189,prior,,PRIMARY_CASE_VARIATION,10,1.0,0.3921318011380738
84524189,prior,,COVERAGE_OUTSIDE_DIAGNOSTIC,4,1.0,0.2989185003778102
