case_id,method,answer_id,technical_status,outcome,core_delivered,irrelevant_chars,input_chars,observed_wait_seconds,confirmed_issues,source_limits
38604742,S,ANS01,OK,OPPOSE_GROUND,"[1, 1]",10275,37492,410.609,,未决定目标最高法院上诉；没有补入最终裁判。
38604742,B,ANS02,OK,OPPOSE_GROUND,"[1, 1]",12222,37193,336.961,,缺少转移时间；用High Court现有处理反对理由，不是目标上诉结果。
38604742,C0,ANS03,OK,OPPOSE_GROUND,"[0, 1]",12222,37433,320.154,INTERNAL_PROPOSITION_ASSESSMENT_CONFLICT;SCOPE_WORDING_ERROR;NEGATIVE_PROPOSITION_ASSESSMENT_CONFLICT,C0选材遗漏DRC16；最终答案仍使用DRC14条件。
38604742,C,ANS01,OK,OPPOSE_GROUND,"[1, 1]",10275,37492,410.609,,未决定目标最高法院上诉；没有补入最终裁判。
1497837,S,ANS04,OK,UNDETERMINED,"[4, 5]",0,36605,167.535,DECISIVE_COVERAGE_OMISSION;DELIVERED_AUTHORITY_UNDERUSED,HP:VESTING未送达；具体GNIT/DTC承继法律不在库，不能强求确定裁判。
1497837,B,ANS05,OK,UNDETERMINED,"[3, 5]",0,36329,159.938,LEGAL_SCOPE_COVERAGE_LIMIT,真实转移时间与具体承继规则仍有限；B/C0/C逐字同输入共享此回答，不是三次证据。
1497837,C0,ANS05,OK,UNDETERMINED,"[3, 5]",0,36329,159.938,LEGAL_SCOPE_COVERAGE_LIMIT,真实转移时间与具体承继规则仍有限；B/C0/C逐字同输入共享此回答，不是三次证据。
1497837,C,ANS05,OK,UNDETERMINED,"[3, 5]",0,36329,159.938,LEGAL_SCOPE_COVERAGE_LIMIT,真实转移时间与具体承继规则仍有限；B/C0/C逐字同输入共享此回答，不是三次证据。
111425525,S,ANS06,OK,UNDETERMINED,"[2, 2]",10275,38597,120.725,,允许范围只有主张和证据清单，未提供决定事实或该书面文件全文；UNKNOWN有具体关键缺口。
111425525,B,ANS07,OK,UNDETERMINED,"[2, 2]",9999,38321,102.873,AMBIGUOUS_PROPOSITION_WORDING,仍缺具体证据内容及裁判认定；不是法源越多就能判。
111425525,C0,ANS08,OK,UNDETERMINED,"[2, 2]",6823,35145,56.025,INTERNAL_PROPOSITION_ASSESSMENT_CONFLICT;NEGATIVE_PROPOSITION_ASSESSMENT_CONFLICT,未改变总体未知方向，但合同内assessment含义仍不稳定。
111425525,C,ANS09,OK,UNDETERMINED,"[2, 2]",10428,38750,131.275,,未把2008writing主张升级成事实；最终未知符合允许输入缺口。
