case_id,method,seed,core_delivered,core_identification,core_false_positive,irrelevant_payload_characters,unlabeled_selected,legal_characters,preference_agreement,selected_ids,task_sha256
38604742,S,20261004,"[1, 1]","[2, 2]",1,10275,[],19453,"[7, 7]","['LAW:S02:DRC14:1b', 'LAW:V21:GR:STATUTE', 'LAW:V21:GR:APPLICATION', 'LAW:V21:GR:REPORTED_DELHI', 'LAW:V21:TS:PAR16', 'LAW:S02:DRC:16', 'LAW:S02:DRC:17']",03603c581d5e008fd1a4d0ed31d28045549d054bad8fb93110ccf124380a9ed5
38604742,B,20261004,"[1, 1]","[0, 2]",0,12222,[],19154,"[3, 7]","['LAW:S02:DRC14:1b', 'LAW:V21:GR:STATUTE', 'LAW:V21:GR:APPLICATION', 'LAW:V21:GR:REPORTED_DELHI', 'LAW:V21:TS:PAR16', 'LAW:S02:DRC:16', 'LAW:S02:DRC:18']",baf47d04c84b5309bc383df3afdfeb4f5c4f377a1fa1e988808b3c12339dd2a3
38604742,C0,20261004,"[0, 1]","[0, 2]",2,12222,[],19394,"[3, 7]","['LAW:S02:DRC14:1b', 'LAW:V21:GR:STATUTE', 'LAW:V21:GR:APPLICATION', 'LAW:V21:GR:REPORTED_DELHI', 'LAW:V21:TS:PAR16', 'LAW:S02:DRC:17', 'LAW:S02:DRC:18']",c6156bd15556e1fbe7cd9e7ab5f1239310fd3b150ff20e0575d5a636d1a6fc37
38604742,C,20261004,"[1, 1]","[0, 2]",1,10275,[],19453,"[4, 7]","['LAW:S02:DRC14:1b', 'LAW:V21:GR:STATUTE', 'LAW:V21:GR:APPLICATION', 'LAW:V21:GR:REPORTED_DELHI', 'LAW:V21:TS:PAR16', 'LAW:S02:DRC:16', 'LAW:S02:DRC:17']",03603c581d5e008fd1a4d0ed31d28045549d054bad8fb93110ccf124380a9ed5
38604742,S,20261005,"[1, 1]","[2, 2]",1,10275,[],19453,"[7, 7]","['LAW:S02:DRC14:1b', 'LAW:V21:GR:STATUTE', 'LAW:V21:GR:APPLICATION', 'LAW:V21:GR:REPORTED_DELHI', 'LAW:V21:TS:PAR16', 'LAW:S02:DRC:16', 'LAW:S02:DRC:17']",03603c581d5e008fd1a4d0ed31d28045549d054bad8fb93110ccf124380a9ed5
38604742,B,20261005,"[1, 1]","[0, 2]",0,12222,[],19154,"[3, 7]","['LAW:S02:DRC14:1b', 'LAW:V21:GR:STATUTE', 'LAW:V21:GR:APPLICATION', 'LAW:V21:GR:REPORTED_DELHI', 'LAW:V21:TS:PAR16', 'LAW:S02:DRC:16', 'LAW:S02:DRC:18']",baf47d04c84b5309bc383df3afdfeb4f5c4f377a1fa1e988808b3c12339dd2a3
38604742,C0,20261005,"[1, 1]","[2, 2]",1,10275,[],19453,"[5, 7]","['LAW:S02:DRC14:1b', 'LAW:V21:GR:STATUTE', 'LAW:V21:GR:APPLICATION', 'LAW:V21:GR:REPORTED_DELHI', 'LAW:V21:TS:PAR16', 'LAW:S02:DRC:16', 'LAW:S02:DRC:17']",03603c581d5e008fd1a4d0ed31d28045549d054bad8fb93110ccf124380a9ed5
38604742,C,20261005,"[1, 1]","[1, 2]",1,10275,[],19453,"[5, 7]","['LAW:S02:DRC14:1b', 'LAW:V21:GR:STATUTE', 'LAW:V21:GR:APPLICATION', 'LAW:V21:GR:REPORTED_DELHI', 'LAW:V21:TS:PAR16', 'LAW:S02:DRC:16', 'LAW:S02:DRC:17']",03603c581d5e008fd1a4d0ed31d28045549d054bad8fb93110ccf124380a9ed5
308216,S,20261004,"[2, 2]","[3, 3]",0,0,['LAW:V21:TS:PAR16'],19453,"[6, 8]","['LAW:S02:DRC14:1b', 'LAW:V21:GR:STATUTE', 'LAW:V21:GR:APPLICATION', 'LAW:V21:GR:REPORTED_DELHI', 'LAW:V21:TS:PAR16', 'LAW:S02:DRC:16', 'LAW:S02:DRC:17']",2858085647217414634ebf07ded6f93944683025330a794e34cc805c97ce0926
308216,B,20261004,"[2, 2]","[3, 3]",0,1947,['LAW:V21:TS:PAR16'],16001,"[7, 8]","['LAW:S02:DRC14:1b', 'LAW:V21:GR:STATUTE', 'LAW:V21:GR:REPORTED_DELHI', 'LAW:V21:TS:PAR16', 'LAW:S02:DRC:16', 'LAW:S02:DRC:17', 'LAW:S02:DRC:18']",ac252853d38788bb1a536b7fc5a77221b979b46d94b95bf7df9ce7ab0eb481c0
308216,C0,20261004,"[2, 2]","[3, 3]",0,1947,['LAW:V21:TS:PAR16'],16001,"[7, 8]","['LAW:S02:DRC14:1b', 'LAW:V21:GR:STATUTE', 'LAW:V21:GR:REPORTED_DELHI', 'LAW:V21:TS:PAR16', 'LAW:S02:DRC:16', 'LAW:S02:DRC:17', 'LAW:S02:DRC:18']",ac252853d38788bb1a536b7fc5a77221b979b46d94b95bf7df9ce7ab0eb481c0
308216,C,20261004,"[2, 2]","[3, 3]",0,1947,['LAW:V21:TS:PAR16'],16001,"[7, 8]","['LAW:S02:DRC14:1b', 'LAW:V21:GR:STATUTE', 'LAW:V21:GR:REPORTED_DELHI', 'LAW:V21:TS:PAR16', 'LAW:S02:DRC:16', 'LAW:S02:DRC:17', 'LAW:S02:DRC:18']",ac252853d38788bb1a536b7fc5a77221b979b46d94b95bf7df9ce7ab0eb481c0
308216,S,20261005,"[2, 2]","[3, 3]",0,0,['LAW:V21:TS:PAR16'],19453,"[6, 8]","['LAW:S02:DRC14:1b', 'LAW:V21:GR:STATUTE', 'LAW:V21:GR:APPLICATION', 'LAW:V21:GR:REPORTED_DELHI', 'LAW:V21:TS:PAR16', 'LAW:S02:DRC:16', 'LAW:S02:DRC:17']",2858085647217414634ebf07ded6f93944683025330a794e34cc805c97ce0926
308216,B,20261005,"[2, 2]","[3, 3]",0,1947,['LAW:V21:TS:PAR16'],16001,"[7, 8]","['LAW:S02:DRC14:1b', 'LAW:V21:GR:STATUTE', 'LAW:V21:GR:REPORTED_DELHI', 'LAW:V21:TS:PAR16', 'LAW:S02:DRC:16', 'LAW:S02:DRC:17', 'LAW:S02:DRC:18']",ac252853d38788bb1a536b7fc5a77221b979b46d94b95bf7df9ce7ab0eb481c0
308216,C0,20261005,"[2, 2]","[3, 3]",1,1947,['LAW:V21:TS:PAR16'],16001,"[7, 8]","['LAW:S02:DRC14:1b', 'LAW:V21:GR:STATUTE', 'LAW:V21:GR:REPORTED_DELHI', 'LAW:V21:TS:PAR16', 'LAW:S02:DRC:16', 'LAW:S02:DRC:17', 'LAW:S02:DRC:18']",ac252853d38788bb1a536b7fc5a77221b979b46d94b95bf7df9ce7ab0eb481c0
308216,C,20261005,"[2, 2]","[3, 3]",0,1947,['LAW:V21:TS:PAR16'],16001,"[7, 8]","['LAW:S02:DRC14:1b', 'LAW:V21:GR:STATUTE', 'LAW:V21:GR:REPORTED_DELHI', 'LAW:V21:TS:PAR16', 'LAW:S02:DRC:16', 'LAW:S02:DRC:17', 'LAW:S02:DRC:18']",ac252853d38788bb1a536b7fc5a77221b979b46d94b95bf7df9ce7ab0eb481c0
1106992,S,20261004,"[2, 2]","[3, 3]",0,0,['LAW:V21:TS:PAR16'],19453,"[7, 7]","['LAW:S02:DRC14:1b', 'LAW:V21:GR:STATUTE', 'LAW:V21:GR:APPLICATION', 'LAW:V21:GR:REPORTED_DELHI', 'LAW:V21:TS:PAR16', 'LAW:S02:DRC:16', 'LAW:S02:DRC:17']",208c8c5234ea2f6bb3efe6d92272094c14d8825aec175c161b95070fdeff2406
1106992,B,20261004,"[2, 2]","[2, 3]",0,0,['LAW:V21:TS:PAR16'],19453,"[6, 7]","['LAW:S02:DRC14:1b', 'LAW:V21:GR:STATUTE', 'LAW:V21:GR:APPLICATION', 'LAW:V21:GR:REPORTED_DELHI', 'LAW:V21:TS:PAR16', 'LAW:S02:DRC:16', 'LAW:S02:DRC:17']",208c8c5234ea2f6bb3efe6d92272094c14d8825aec175c161b95070fdeff2406
1106992,C0,20261004,"[2, 2]","[3, 3]",0,0,['LAW:V21:TS:PAR16'],19453,"[7, 7]","['LAW:S02:DRC14:1b', 'LAW:V21:GR:STATUTE', 'LAW:V21:GR:APPLICATION', 'LAW:V21:GR:REPORTED_DELHI', 'LAW:V21:TS:PAR16', 'LAW:S02:DRC:16', 'LAW:S02:DRC:17']",208c8c5234ea2f6bb3efe6d92272094c14d8825aec175c161b95070fdeff2406
1106992,C,20261004,"[2, 2]","[3, 3]",0,0,['LAW:V21:TS:PAR16'],19453,"[7, 7]","['LAW:S02:DRC14:1b', 'LAW:V21:GR:STATUTE', 'LAW:V21:GR:APPLICATION', 'LAW:V21:GR:REPORTED_DELHI', 'LAW:V21:TS:PAR16', 'LAW:S02:DRC:16', 'LAW:S02:DRC:17']",208c8c5234ea2f6bb3efe6d92272094c14d8825aec175c161b95070fdeff2406
1106992,S,20261005,"[2, 2]","[3, 3]",0,0,['LAW:V21:TS:PAR16'],19453,"[7, 7]","['LAW:S02:DRC14:1b', 'LAW:V21:GR:STATUTE', 'LAW:V21:GR:APPLICATION', 'LAW:V21:GR:REPORTED_DELHI', 'LAW:V21:TS:PAR16', 'LAW:S02:DRC:16', 'LAW:S02:DRC:17']",208c8c5234ea2f6bb3efe6d92272094c14d8825aec175c161b95070fdeff2406
1106992,B,20261005,"[2, 2]","[2, 3]",0,0,['LAW:V21:TS:PAR16'],19453,"[6, 7]","['LAW:S02:DRC14:1b', 'LAW:V21:GR:STATUTE', 'LAW:V21:GR:APPLICATION', 'LAW:V21:GR:REPORTED_DELHI', 'LAW:V21:TS:PAR16', 'LAW:S02:DRC:16', 'LAW:S02:DRC:17']",208c8c5234ea2f6bb3efe6d92272094c14d8825aec175c161b95070fdeff2406
1106992,C0,20261005,"[2, 2]","[3, 3]",0,0,['LAW:V21:TS:PAR16'],19453,"[7, 7]","['LAW:S02:DRC14:1b', 'LAW:V21:GR:STATUTE', 'LAW:V21:GR:APPLICATION', 'LAW:V21:GR:REPORTED_DELHI', 'LAW:V21:TS:PAR16', 'LAW:S02:DRC:16', 'LAW:S02:DRC:17']",208c8c5234ea2f6bb3efe6d92272094c14d8825aec175c161b95070fdeff2406
1106992,C,20261005,"[2, 2]","[3, 3]",0,0,['LAW:V21:TS:PAR16'],19453,"[7, 7]","['LAW:S02:DRC14:1b', 'LAW:V21:GR:STATUTE', 'LAW:V21:GR:APPLICATION', 'LAW:V21:GR:REPORTED_DELHI', 'LAW:V21:TS:PAR16', 'LAW:S02:DRC:16', 'LAW:S02:DRC:17']",208c8c5234ea2f6bb3efe6d92272094c14d8825aec175c161b95070fdeff2406
758831,S,20261004,"[2, 2]","[3, 3]",0,4876,['LAW:V21:GR:APPLICATION'],19453,"[6, 6]","['LAW:S02:DRC14:1b', 'LAW:V21:GR:STATUTE', 'LAW:V21:GR:APPLICATION', 'LAW:V21:GR:REPORTED_DELHI', 'LAW:V21:TS:PAR16', 'LAW:S02:DRC:16', 'LAW:S02:DRC:17']",2c1552cbff4ba5da116be22d3714e6bd64cf1b10c2d0057c0704366c39e97e9d
758831,B,20261004,"[2, 2]","[2, 3]",2,10763,[],19941,"[5, 6]","['LAW:S02:DRC14:1b', 'LAW:V21:GR:REPORTED_DELHI', 'LAW:V21:TS:PAR16', 'LAW:V21:BR:S44A', 'LAW:S02:DRC:16', 'LAW:S02:DRC:17', 'LAW:S02:DRC:18']",a53f84745b2fef8a14c9723d66242af77be4d29390e712351615816952183a87
758831,C0,20261004,"[2, 2]","[3, 3]",2,10763,[],19941,"[5, 6]","['LAW:S02:DRC14:1b', 'LAW:V21:GR:REPORTED_DELHI', 'LAW:V21:TS:PAR16', 'LAW:V21:BR:S44A', 'LAW:S02:DRC:16', 'LAW:S02:DRC:17', 'LAW:S02:DRC:18']",a53f84745b2fef8a14c9723d66242af77be4d29390e712351615816952183a87
758831,C,20261004,"[2, 2]","[2, 3]",0,4876,['LAW:V21:HP:CONTEXT'],19606,"[6, 6]","['LAW:S02:DRC14:1b', 'LAW:V21:GR:STATUTE', 'LAW:V21:GR:REPORTED_DELHI', 'LAW:V21:HP:CONTEXT', 'LAW:V21:TS:PAR16', 'LAW:S02:DRC:16', 'LAW:S02:DRC:17']",02f6e0938cdbecad1d7555977afcb8cf516cb17fa14979e2fd61ed2792713783
758831,S,20261005,"[2, 2]","[3, 3]",0,4876,['LAW:V21:GR:APPLICATION'],19453,"[6, 6]","['LAW:S02:DRC14:1b', 'LAW:V21:GR:STATUTE', 'LAW:V21:GR:APPLICATION', 'LAW:V21:GR:REPORTED_DELHI', 'LAW:V21:TS:PAR16', 'LAW:S02:DRC:16', 'LAW:S02:DRC:17']",2c1552cbff4ba5da116be22d3714e6bd64cf1b10c2d0057c0704366c39e97e9d
758831,B,20261005,"[0, 2]","[2, 3]",2,17440,[],19366,"[5, 6]","['LAW:S02:DRC14:1b', 'LAW:V21:BR:S45']",c77c5c0f2d6fda349ea7061a0dd823ae95dfa92acbbb8e9599ca590c1e8663ab
758831,C0,20261005,"[2, 2]","[3, 3]",0,10763,[],19941,"[5, 6]","['LAW:S02:DRC14:1b', 'LAW:V21:GR:REPORTED_DELHI', 'LAW:V21:TS:PAR16', 'LAW:V21:BR:S44A', 'LAW:S02:DRC:16', 'LAW:S02:DRC:17', 'LAW:S02:DRC:18']",a53f84745b2fef8a14c9723d66242af77be4d29390e712351615816952183a87
758831,C,20261005,"[2, 2]","[2, 3]",0,10763,[],19941,"[5, 6]","['LAW:S02:DRC14:1b', 'LAW:V21:GR:REPORTED_DELHI', 'LAW:V21:TS:PAR16', 'LAW:V21:BR:S44A', 'LAW:S02:DRC:16', 'LAW:S02:DRC:17', 'LAW:S02:DRC:18']",a53f84745b2fef8a14c9723d66242af77be4d29390e712351615816952183a87
1497837,S,20261004,"[4, 5]","[3, 6]",0,0,[],19453,"[6, 10]","['LAW:S02:DRC14:1b', 'LAW:V21:GR:STATUTE', 'LAW:V21:GR:APPLICATION', 'LAW:V21:GR:REPORTED_DELHI', 'LAW:V21:TS:PAR16', 'LAW:S02:DRC:16', 'LAW:S02:DRC:17']",7386b013651e94cc2595fe5920db8b72caadd38b00ef2f4af41d003597de78b0
1497837,B,20261004,"[3, 5]","[4, 6]",0,0,[],19177,"[7, 10]","['LAW:S02:DRC14:1b', 'LAW:V21:GR:REPORTED_DELHI', 'LAW:V21:HP:CONTEXT', 'LAW:V21:TS:PAR16', 'LAW:S02:DRC:16', 'LAW:S02:DRC:17', 'LAW:S02:DRC:18']",01fce9367a6e66b861410176bbcc776ef4b606a34cbf6bf0bd933c142d073919
1497837,C0,20261004,"[3, 5]","[4, 6]",0,0,[],19177,"[7, 10]","['LAW:S02:DRC14:1b', 'LAW:V21:GR:REPORTED_DELHI', 'LAW:V21:HP:CONTEXT', 'LAW:V21:TS:PAR16', 'LAW:S02:DRC:16', 'LAW:S02:DRC:17', 'LAW:S02:DRC:18']",01fce9367a6e66b861410176bbcc776ef4b606a34cbf6bf0bd933c142d073919
1497837,C,20261004,"[3, 5]","[4, 6]",0,0,[],19177,"[8, 10]","['LAW:S02:DRC14:1b', 'LAW:V21:GR:REPORTED_DELHI', 'LAW:V21:HP:CONTEXT', 'LAW:V21:TS:PAR16', 'LAW:S02:DRC:16', 'LAW:S02:DRC:17', 'LAW:S02:DRC:18']",01fce9367a6e66b861410176bbcc776ef4b606a34cbf6bf0bd933c142d073919
1497837,S,20261005,"[4, 5]","[3, 6]",0,0,[],19453,"[6, 10]","['LAW:S02:DRC14:1b', 'LAW:V21:GR:STATUTE', 'LAW:V21:GR:APPLICATION', 'LAW:V21:GR:REPORTED_DELHI', 'LAW:V21:TS:PAR16', 'LAW:S02:DRC:16', 'LAW:S02:DRC:17']",7386b013651e94cc2595fe5920db8b72caadd38b00ef2f4af41d003597de78b0
1497837,B,20261005,"[3, 5]","[4, 6]",0,0,[],19177,"[7, 10]","['LAW:S02:DRC14:1b', 'LAW:V21:GR:REPORTED_DELHI', 'LAW:V21:HP:CONTEXT', 'LAW:V21:TS:PAR16', 'LAW:S02:DRC:16', 'LAW:S02:DRC:17', 'LAW:S02:DRC:18']",01fce9367a6e66b861410176bbcc776ef4b606a34cbf6bf0bd933c142d073919
1497837,C0,20261005,"[3, 5]","[4, 6]",0,0,[],19177,"[7, 10]","['LAW:S02:DRC14:1b', 'LAW:V21:GR:REPORTED_DELHI', 'LAW:V21:HP:CONTEXT', 'LAW:V21:TS:PAR16', 'LAW:S02:DRC:16', 'LAW:S02:DRC:17', 'LAW:S02:DRC:18']",01fce9367a6e66b861410176bbcc776ef4b606a34cbf6bf0bd933c142d073919
1497837,C,20261005,"[3, 5]","[4, 6]",0,0,[],19177,"[6, 10]","['LAW:S02:DRC14:1b', 'LAW:V21:GR:REPORTED_DELHI', 'LAW:V21:HP:CONTEXT', 'LAW:V21:TS:PAR16', 'LAW:S02:DRC:16', 'LAW:S02:DRC:17', 'LAW:S02:DRC:18']",01fce9367a6e66b861410176bbcc776ef4b606a34cbf6bf0bd933c142d073919
1381386,S,20261004,"[2, 2]","[3, 3]",0,7775,[],19453,"[8, 9]","['LAW:S02:DRC14:1b', 'LAW:V21:GR:STATUTE', 'LAW:V21:GR:APPLICATION', 'LAW:V21:GR:REPORTED_DELHI', 'LAW:V21:TS:PAR16', 'LAW:S02:DRC:16', 'LAW:S02:DRC:17']",a472fa76f0e256f12f68c93fa53a77bb45baddc206018c139315a6ef4181738a
1381386,B,20261004,"[2, 2]","[1, 3]",0,5552,[],19177,"[8, 9]","['LAW:S02:DRC14:1b', 'LAW:V21:GR:REPORTED_DELHI', 'LAW:V21:HP:CONTEXT', 'LAW:V21:TS:PAR16', 'LAW:S02:DRC:16', 'LAW:S02:DRC:17', 'LAW:S02:DRC:18']",7603f81755ffa5a3d1aac3b6ed6dc4e6f29e6bcf73d53206db22cd73aeec5ef3
1381386,C0,20261004,"[2, 2]","[2, 3]",0,2376,[],16001,"[9, 9]","['LAW:S02:DRC14:1b', 'LAW:V21:GR:STATUTE', 'LAW:V21:GR:REPORTED_DELHI', 'LAW:V21:TS:PAR16', 'LAW:S02:DRC:16', 'LAW:S02:DRC:17', 'LAW:S02:DRC:18']",3ba56757f405c34f4a78c18154efbdfe9905b1e4fba64805a1961fa61b2e80bb
1381386,C,20261004,"[2, 2]","[2, 3]",0,2376,[],16001,"[9, 9]","['LAW:S02:DRC14:1b', 'LAW:V21:GR:STATUTE', 'LAW:V21:GR:REPORTED_DELHI', 'LAW:V21:TS:PAR16', 'LAW:S02:DRC:16', 'LAW:S02:DRC:17', 'LAW:S02:DRC:18']",3ba56757f405c34f4a78c18154efbdfe9905b1e4fba64805a1961fa61b2e80bb
1381386,S,20261005,"[2, 2]","[3, 3]",0,7775,[],19453,"[8, 9]","['LAW:S02:DRC14:1b', 'LAW:V21:GR:STATUTE', 'LAW:V21:GR:APPLICATION', 'LAW:V21:GR:REPORTED_DELHI', 'LAW:V21:TS:PAR16', 'LAW:S02:DRC:16', 'LAW:S02:DRC:17']",a472fa76f0e256f12f68c93fa53a77bb45baddc206018c139315a6ef4181738a
1381386,B,20261005,"[2, 2]","[1, 3]",0,5552,[],19177,"[8, 9]","['LAW:S02:DRC14:1b', 'LAW:V21:GR:REPORTED_DELHI', 'LAW:V21:HP:CONTEXT', 'LAW:V21:TS:PAR16', 'LAW:S02:DRC:16', 'LAW:S02:DRC:17', 'LAW:S02:DRC:18']",7603f81755ffa5a3d1aac3b6ed6dc4e6f29e6bcf73d53206db22cd73aeec5ef3
1381386,C0,20261005,"[2, 2]","[2, 3]",1,2376,[],16001,"[9, 9]","['LAW:S02:DRC14:1b', 'LAW:V21:GR:STATUTE', 'LAW:V21:GR:REPORTED_DELHI', 'LAW:V21:TS:PAR16', 'LAW:S02:DRC:16', 'LAW:S02:DRC:17', 'LAW:S02:DRC:18']",3ba56757f405c34f4a78c18154efbdfe9905b1e4fba64805a1961fa61b2e80bb
1381386,C,20261005,"[2, 2]","[2, 3]",0,2376,[],16001,"[9, 9]","['LAW:S02:DRC14:1b', 'LAW:V21:GR:STATUTE', 'LAW:V21:GR:REPORTED_DELHI', 'LAW:V21:TS:PAR16', 'LAW:S02:DRC:16', 'LAW:S02:DRC:17', 'LAW:S02:DRC:18']",3ba56757f405c34f4a78c18154efbdfe9905b1e4fba64805a1961fa61b2e80bb
115676081,S,20261004,"[2, 2]","[3, 3]",0,5399,['LAW:V21:GR:STATUTE'],19453,"[8, 8]","['LAW:S02:DRC14:1b', 'LAW:V21:GR:STATUTE', 'LAW:V21:GR:APPLICATION', 'LAW:V21:GR:REPORTED_DELHI', 'LAW:V21:TS:PAR16', 'LAW:S02:DRC:16', 'LAW:S02:DRC:17']",eed26bdd61ba46978ab48187d147ff8d5e6e2a63ec15d56729cec1f5822ad678
115676081,B,20261004,"[2, 2]","[2, 3]",4,7346,['LAW:V21:GR:STATUTE'],19154,"[4, 8]","['LAW:S02:DRC14:1b', 'LAW:V21:GR:STATUTE', 'LAW:V21:GR:APPLICATION', 'LAW:V21:GR:REPORTED_DELHI', 'LAW:V21:TS:PAR16', 'LAW:S02:DRC:16', 'LAW:S02:DRC:18']",0a2d2e7a8ff38c4ce9c75d26967091a85e80fa0345164e9af765a984419a8a5d
115676081,C0,20261004,"[2, 2]","[3, 3]",2,7346,['LAW:V21:GR:STATUTE'],18900,"[6, 8]","['LAW:S02:DRC14:1b', 'LAW:V21:GR:STATUTE', 'LAW:V21:GR:APPLICATION', 'LAW:V21:GR:REPORTED_DELHI', 'LAW:S02:DRC:16', 'LAW:S02:DRC:17', 'LAW:S02:DRC:18']",b19162ebeea223fad44494e2dfd1335fa0f307860891376e7d842e7f1c3bc5e3
115676081,C,20261004,"[2, 2]","[2, 3]",0,1947,"['LAW:V21:GR:STATUTE', 'LAW:V21:HP:CONTEXT']",19053,"[6, 8]","['LAW:S02:DRC14:1b', 'LAW:V21:GR:STATUTE', 'LAW:V21:GR:REPORTED_DELHI', 'LAW:V21:HP:CONTEXT', 'LAW:S02:DRC:16', 'LAW:S02:DRC:17', 'LAW:S02:DRC:18']",45ae5dcbfd4f5a6f061c3dd0a96bc12a30c124b80c9062818008bb953584a66f
115676081,S,20261005,"[2, 2]","[3, 3]",0,5399,['LAW:V21:GR:STATUTE'],19453,"[8, 8]","['LAW:S02:DRC14:1b', 'LAW:V21:GR:STATUTE', 'LAW:V21:GR:APPLICATION', 'LAW:V21:GR:REPORTED_DELHI', 'LAW:V21:TS:PAR16', 'LAW:S02:DRC:16', 'LAW:S02:DRC:17']",eed26bdd61ba46978ab48187d147ff8d5e6e2a63ec15d56729cec1f5822ad678
115676081,B,20261005,"[2, 2]","[2, 3]",4,7346,['LAW:V21:GR:STATUTE'],19154,"[4, 8]","['LAW:S02:DRC14:1b', 'LAW:V21:GR:STATUTE', 'LAW:V21:GR:APPLICATION', 'LAW:V21:GR:REPORTED_DELHI', 'LAW:V21:TS:PAR16', 'LAW:S02:DRC:16', 'LAW:S02:DRC:18']",0a2d2e7a8ff38c4ce9c75d26967091a85e80fa0345164e9af765a984419a8a5d
115676081,C0,20261005,"[2, 2]","[3, 3]",1,7346,['LAW:V21:GR:STATUTE'],18900,"[8, 8]","['LAW:S02:DRC14:1b', 'LAW:V21:GR:STATUTE', 'LAW:V21:GR:APPLICATION', 'LAW:V21:GR:REPORTED_DELHI', 'LAW:S02:DRC:16', 'LAW:S02:DRC:17', 'LAW:S02:DRC:18']",b19162ebeea223fad44494e2dfd1335fa0f307860891376e7d842e7f1c3bc5e3
115676081,C,20261005,"[2, 2]","[3, 3]",2,1947,"['LAW:V21:GR:STATUTE', 'LAW:V21:HP:CONTEXT', 'LAW:V21:HP:VESTING']",19952,"[7, 8]","['LAW:S02:DRC14:1b', 'LAW:V21:GR:STATUTE', 'LAW:V21:GR:REPORTED_DELHI', 'LAW:V21:HP:CONTEXT', 'LAW:V21:HP:VESTING', 'LAW:S02:DRC:16', 'LAW:S02:DRC:18']",5d6f354406b8a5478cd38a1c245b6d88b53882e792487e2b9c3119b926afcd32
1843439,S,20261004,"[2, 2]","[3, 3]",0,7775,[],19453,"[8, 8]","['LAW:S02:DRC14:1b', 'LAW:V21:GR:STATUTE', 'LAW:V21:GR:APPLICATION', 'LAW:V21:GR:REPORTED_DELHI', 'LAW:V21:TS:PAR16', 'LAW:S02:DRC:16', 'LAW:S02:DRC:17']",2016d7c1ecbfa2d56912e310f4d0351c2cb34edba858d68f1c67f846bfed9659
1843439,B,20261004,"[2, 2]","[0, 3]",0,7499,[],19177,"[7, 8]","['LAW:S02:DRC14:1b', 'LAW:V21:GR:REPORTED_DELHI', 'LAW:V21:HP:CONTEXT', 'LAW:V21:TS:PAR16', 'LAW:S02:DRC:16', 'LAW:S02:DRC:17', 'LAW:S02:DRC:18']",1e9994b9281f8bf3b7630033d124b9ae7dc6d7ab654808aeac301d1735d4e259
1843439,C0,20261004,"[2, 2]","[2, 3]",0,7775,[],19453,"[7, 8]","['LAW:S02:DRC14:1b', 'LAW:V21:GR:STATUTE', 'LAW:V21:GR:APPLICATION', 'LAW:V21:GR:REPORTED_DELHI', 'LAW:V21:TS:PAR16', 'LAW:S02:DRC:16', 'LAW:S02:DRC:17']",2016d7c1ecbfa2d56912e310f4d0351c2cb34edba858d68f1c67f846bfed9659
1843439,C,20261004,"[2, 2]","[2, 3]",0,7928,[],19606,"[7, 8]","['LAW:S02:DRC14:1b', 'LAW:V21:GR:STATUTE', 'LAW:V21:GR:REPORTED_DELHI', 'LAW:V21:HP:CONTEXT', 'LAW:V21:TS:PAR16', 'LAW:S02:DRC:16', 'LAW:S02:DRC:17']",82438fddab9266511f5a9338386ffb83bbb60fedcfb706c7c88fdca85b017eac
1843439,S,20261005,"[2, 2]","[3, 3]",0,7775,[],19453,"[8, 8]","['LAW:S02:DRC14:1b', 'LAW:V21:GR:STATUTE', 'LAW:V21:GR:APPLICATION', 'LAW:V21:GR:REPORTED_DELHI', 'LAW:V21:TS:PAR16', 'LAW:S02:DRC:16', 'LAW:S02:DRC:17']",2016d7c1ecbfa2d56912e310f4d0351c2cb34edba858d68f1c67f846bfed9659
1843439,B,20261005,"[2, 2]","[0, 3]",0,7499,[],19177,"[7, 8]","['LAW:S02:DRC14:1b', 'LAW:V21:GR:REPORTED_DELHI', 'LAW:V21:HP:CONTEXT', 'LAW:V21:TS:PAR16', 'LAW:S02:DRC:16', 'LAW:S02:DRC:17', 'LAW:S02:DRC:18']",1e9994b9281f8bf3b7630033d124b9ae7dc6d7ab654808aeac301d1735d4e259
1843439,C0,20261005,"[2, 2]","[2, 3]",0,7775,[],19453,"[7, 8]","['LAW:S02:DRC14:1b', 'LAW:V21:GR:STATUTE', 'LAW:V21:GR:APPLICATION', 'LAW:V21:GR:REPORTED_DELHI', 'LAW:V21:TS:PAR16', 'LAW:S02:DRC:16', 'LAW:S02:DRC:17']",2016d7c1ecbfa2d56912e310f4d0351c2cb34edba858d68f1c67f846bfed9659
1843439,C,20261005,"[2, 2]","[2, 3]",0,7775,[],19453,"[7, 8]","['LAW:S02:DRC14:1b', 'LAW:V21:GR:STATUTE', 'LAW:V21:GR:APPLICATION', 'LAW:V21:GR:REPORTED_DELHI', 'LAW:V21:TS:PAR16', 'LAW:S02:DRC:16', 'LAW:S02:DRC:17']",2016d7c1ecbfa2d56912e310f4d0351c2cb34edba858d68f1c67f846bfed9659
1859043,S,20261004,"[1, 1]","[2, 2]",1,0,"['LAW:V21:GR:APPLICATION', 'LAW:V21:GR:STATUTE']",19453,"[10, 10]","['LAW:S02:DRC14:1b', 'LAW:V21:GR:STATUTE', 'LAW:V21:GR:APPLICATION', 'LAW:V21:GR:REPORTED_DELHI', 'LAW:V21:TS:PAR16', 'LAW:S02:DRC:16', 'LAW:S02:DRC:17']",c9f7900add3352e129923b42a7f64df2f6a64b2eeea5afb9bcfc6467dd97c968
1859043,B,20261004,"[1, 1]","[2, 2]",1,1947,['LAW:V21:HP:CONTEXT'],19177,"[10, 10]","['LAW:S02:DRC14:1b', 'LAW:V21:GR:REPORTED_DELHI', 'LAW:V21:HP:CONTEXT', 'LAW:V21:TS:PAR16', 'LAW:S02:DRC:16', 'LAW:S02:DRC:17', 'LAW:S02:DRC:18']",5ed9cb5e7ca329533fe61b23e3affcd4ce116d4aff46ba2b630ee8ece6e3d5dc
1859043,C0,20261004,"[1, 1]","[2, 2]",1,1947,['LAW:V21:HP:CONTEXT'],19177,"[9, 10]","['LAW:S02:DRC14:1b', 'LAW:V21:GR:REPORTED_DELHI', 'LAW:V21:HP:CONTEXT', 'LAW:V21:TS:PAR16', 'LAW:S02:DRC:16', 'LAW:S02:DRC:17', 'LAW:S02:DRC:18']",5ed9cb5e7ca329533fe61b23e3affcd4ce116d4aff46ba2b630ee8ece6e3d5dc
1859043,C,20261004,"[1, 1]","[2, 2]",1,1947,['LAW:V21:HP:CONTEXT'],19177,"[10, 10]","['LAW:S02:DRC14:1b', 'LAW:V21:GR:REPORTED_DELHI', 'LAW:V21:HP:CONTEXT', 'LAW:V21:TS:PAR16', 'LAW:S02:DRC:16', 'LAW:S02:DRC:17', 'LAW:S02:DRC:18']",5ed9cb5e7ca329533fe61b23e3affcd4ce116d4aff46ba2b630ee8ece6e3d5dc
1859043,S,20261005,"[1, 1]","[2, 2]",1,0,"['LAW:V21:GR:APPLICATION', 'LAW:V21:GR:STATUTE']",19453,"[10, 10]","['LAW:S02:DRC14:1b', 'LAW:V21:GR:STATUTE', 'LAW:V21:GR:APPLICATION', 'LAW:V21:GR:REPORTED_DELHI', 'LAW:V21:TS:PAR16', 'LAW:S02:DRC:16', 'LAW:S02:DRC:17']",c9f7900add3352e129923b42a7f64df2f6a64b2eeea5afb9bcfc6467dd97c968
1859043,B,20261005,"[1, 1]","[2, 2]",1,1947,['LAW:V21:HP:CONTEXT'],19177,"[10, 10]","['LAW:S02:DRC14:1b', 'LAW:V21:GR:REPORTED_DELHI', 'LAW:V21:HP:CONTEXT', 'LAW:V21:TS:PAR16', 'LAW:S02:DRC:16', 'LAW:S02:DRC:17', 'LAW:S02:DRC:18']",5ed9cb5e7ca329533fe61b23e3affcd4ce116d4aff46ba2b630ee8ece6e3d5dc
1859043,C0,20261005,"[1, 1]","[2, 2]",1,0,"['LAW:V21:GR:STATUTE', 'LAW:V21:HP:CONTEXT']",19606,"[10, 10]","['LAW:S02:DRC14:1b', 'LAW:V21:GR:STATUTE', 'LAW:V21:GR:REPORTED_DELHI', 'LAW:V21:HP:CONTEXT', 'LAW:V21:TS:PAR16', 'LAW:S02:DRC:16', 'LAW:S02:DRC:17']",de9f3bbcdf5fcf91f1d68c6cad292883682ddce35d0c09b1e737ebeb5b3c9f19
1859043,C,20261005,"[1, 1]","[2, 2]",1,0,"['LAW:V21:GR:STATUTE', 'LAW:V21:HP:CONTEXT']",19606,"[10, 10]","['LAW:S02:DRC14:1b', 'LAW:V21:GR:STATUTE', 'LAW:V21:GR:REPORTED_DELHI', 'LAW:V21:HP:CONTEXT', 'LAW:V21:TS:PAR16', 'LAW:S02:DRC:16', 'LAW:S02:DRC:17']",de9f3bbcdf5fcf91f1d68c6cad292883682ddce35d0c09b1e737ebeb5b3c9f19
111425525,S,20261004,"[2, 2]","[3, 3]",0,10275,['LAW:S02:DRC:17'],19453,"[7, 7]","['LAW:S02:DRC14:1b', 'LAW:V21:GR:STATUTE', 'LAW:V21:GR:APPLICATION', 'LAW:V21:GR:REPORTED_DELHI', 'LAW:V21:TS:PAR16', 'LAW:S02:DRC:16', 'LAW:S02:DRC:17']",4a40503922555635ddd5dfa23eee31416b63d5eef3a45d91b4f6894ae86f0aa5
111425525,B,20261004,"[2, 2]","[3, 3]",0,9999,['LAW:S02:DRC:17'],19177,"[6, 7]","['LAW:S02:DRC14:1b', 'LAW:V21:GR:REPORTED_DELHI', 'LAW:V21:HP:CONTEXT', 'LAW:V21:TS:PAR16', 'LAW:S02:DRC:16', 'LAW:S02:DRC:17', 'LAW:S02:DRC:18']",fd6d2426b251062d0626f5a3e2263e0a4222a78215855441df26336556d506f6
111425525,C0,20261004,"[2, 2]","[3, 3]",0,6823,['LAW:S02:DRC:17'],16001,"[7, 7]","['LAW:S02:DRC14:1b', 'LAW:V21:GR:STATUTE', 'LAW:V21:GR:REPORTED_DELHI', 'LAW:V21:TS:PAR16', 'LAW:S02:DRC:16', 'LAW:S02:DRC:17', 'LAW:S02:DRC:18']",a0f03a0907cf033bfbd4328c6d7bbf812fb9fa2753e9097ed5b72fa11870e8a4
111425525,C,20261004,"[2, 2]","[3, 3]",0,10428,['LAW:S02:DRC:17'],19606,"[7, 7]","['LAW:S02:DRC14:1b', 'LAW:V21:GR:STATUTE', 'LAW:V21:GR:REPORTED_DELHI', 'LAW:V21:HP:CONTEXT', 'LAW:V21:TS:PAR16', 'LAW:S02:DRC:16', 'LAW:S02:DRC:17']",9586eb707a1c8b484787367b7f04a47af0ca000a140740dc311625640574a372
111425525,S,20261005,"[2, 2]","[3, 3]",0,10275,['LAW:S02:DRC:17'],19453,"[7, 7]","['LAW:S02:DRC14:1b', 'LAW:V21:GR:STATUTE', 'LAW:V21:GR:APPLICATION', 'LAW:V21:GR:REPORTED_DELHI', 'LAW:V21:TS:PAR16', 'LAW:S02:DRC:16', 'LAW:S02:DRC:17']",4a40503922555635ddd5dfa23eee31416b63d5eef3a45d91b4f6894ae86f0aa5
111425525,B,20261005,"[2, 2]","[3, 3]",0,9999,['LAW:S02:DRC:17'],19177,"[6, 7]","['LAW:S02:DRC14:1b', 'LAW:V21:GR:REPORTED_DELHI', 'LAW:V21:HP:CONTEXT', 'LAW:V21:TS:PAR16', 'LAW:S02:DRC:16', 'LAW:S02:DRC:17', 'LAW:S02:DRC:18']",fd6d2426b251062d0626f5a3e2263e0a4222a78215855441df26336556d506f6
111425525,C0,20261005,"[2, 2]","[3, 3]",2,10644,['LAW:S02:DRC:17'],19822,"[7, 7]","['LAW:S02:DRC14:1b', 'LAW:V21:GR:REPORTED_DELHI', 'LAW:V21:HP:CONTEXT', 'LAW:V21:HP:VESTING', 'LAW:S02:DRC:16', 'LAW:S02:DRC:17', 'LAW:S02:DRC:18']",2b205a0333a1281d710b31eb5d4a431c1485e278631438979f0f692cc682e1b7
111425525,C,20261005,"[2, 2]","[3, 3]",0,6823,['LAW:S02:DRC:17'],16001,"[6, 7]","['LAW:S02:DRC14:1b', 'LAW:V21:GR:STATUTE', 'LAW:V21:GR:REPORTED_DELHI', 'LAW:V21:TS:PAR16', 'LAW:S02:DRC:16', 'LAW:S02:DRC:17', 'LAW:S02:DRC:18']",a0f03a0907cf033bfbd4328c6d7bbf812fb9fa2753e9097ed5b72fa11870e8a4
