case_id,screen_status,model_acceptable_borderline,construction,readiness,reason
114533,SUITABLE,False,NOT_RUN_DISCOVERY_GATE_BELOW_SIX,NOT_EVALUATED,"Direct fixed-family merits case with an identifiable multi-condition sub-letting proof framework, independent statutory/precedential rule sources, and reasoned application to the evidentiary record. The main limitation is that the pre-target input must be retrospectively reconstructed from the Supreme Court's narration."
1187427,REJECT,False,NOT_RUN_DISCOVERY_GATE_BELOW_SIX,NOT_EVALUATED,"Reject as wrong-ground for the fixed claim family. Subletting is merely mentioned as part of a different, still-pending petition; the Supreme Court's rule, application, and holding concern s14A and s25B."
845417,REJECT,False,NOT_RUN_DISCOVERY_GATE_BELOW_SIX,NOT_EVALUATED,Reject despite the direct s14(1)(b) citation. The Supreme Court decides the effect of repeal/amendment and continuation of a pending eviction case; it does not reason from subletting evidence to element-level merits targets. The attachment expressly excludes procedural-only restoration from borderline acceptance.
1887042,REJECT,False,NOT_RUN_DISCOVERY_GATE_BELOW_SIX,NOT_EVALUATED,"Reject as wrong-ground for the fixed claim family. Subletting was one original eviction ground, but the Tribunal remanded it for fresh evidence and the Supreme Court decided the distinct heritability issue; no reasoned s14(1)(b) application or element-level target is available."
444449,REJECT,False,NOT_RUN_DISCOVERY_GATE_BELOW_SIX,NOT_EVALUATED,"REJECT because the judgment's substantive subletting analysis is explicitly under the Delhi and Ajmer Rent Control Act, 1952. Strong analogous rule/application cannot establish applicability of Delhi Rent Control Act, 1958 s.14(1)(b)."
569555,BORDERLINE,True,NOT_RUN_DISCOVERY_GATE_BELOW_SIX,NOT_EVALUATED,"BORDERLINE but acceptable. The majority ultimately applies the 1952 Act through s.57, yet the judgment contains a finite, independently recoverable 1958 s.14(1)(b) segment: the majority conditionally identifies the temporal bar and the dissent directly applies the 1958 rule to the found November 1950 subletting. Any dataset use must preserve that majority/dissent and transition limitation and keep the 1958 target reasoning out of model input."
277181,REJECT,False,NOT_RUN_DISCOVERY_GATE_BELOW_SIX,NOT_EVALUATED,"REJECT because the appeal is a s.50 jurisdiction/maintainability and statutory-tenancy case under ss.17 and 18. It does not decide the merits of Delhi Rent Control Act, 1958 s.14(1)(b), so converting the outcome into a subletting target would be speculative."
923000,REJECT,False,NOT_RUN_DISCOVERY_GATE_BELOW_SIX,NOT_EVALUATED,"REJECT despite strong subletting doctrine and application. The Court expressly applies the Delhi and Ajmer Rent Control Act, 1952, not Delhi Rent Control Act, 1958 s.14(1)(b). The statutory mismatch is blocking rather than an acceptable borderline."
1954254,REJECT,False,NOT_RUN_DISCOVERY_GATE_BELOW_SIX,NOT_EVALUATED,"REJECT: wrong statute and wrong merits issue. Similar 1952 Act language cannot establish applicability or supervision under Delhi Rent Control Act, 1958 s14(1)(b), and the subletting discussion is incidental to standard-rent limitation."
614998,BORDERLINE,True,NOT_RUN_DISCOVERY_GATE_BELOW_SIX,NOT_EVALUATED,"BORDERLINE but acceptable: the case is formally an ss17-18 sub-tenant-protection case, not a direct s14(1)(b) eviction merits case, yet it supplies unusually clear purposive interpretation and reasoned application on the same 1958 Act's written-consent requirement. The usable target must be limited to that overlapping element, especially because Khalid J. stresses the exceptional facts and warns against assuming consent merely from any landlord signature."
191666286,REJECT,False,NOT_RUN_DISCOVERY_GATE_BELOW_SIX,NOT_EVALUATED,"REJECT: wrong-ground case. Its DRC Act references concern standard rent as a ceiling or comparator in property-tax valuation, not the s14(1)(b) subletting/assignment/parting-with-possession claim family."
1063933,BORDERLINE,True,NOT_RUN_DISCOVERY_GATE_BELOW_SIX,NOT_EVALUATED,"BORDERLINE but acceptable: the case is not formally under s14(1)(b), yet it contains substantive, reasoned application on two adjacent fixed-family questions—licence versus lease/sub-tenancy and absence of original-landlord consent—supported by an identified 1958 Act provision and a named lease/licence precedent. Its use must be element-limited and must preserve the civil-suit posture."
1870868,REJECT,False,NOT_RUN_DISCOVERY_GATE_BELOW_SIX,NOT_EVALUATED,"REJECT: this is within the correct statute and mentions s.14(1)(b), but the target judgment contains no meaningful element-level rule/application on subletting, assignment, parting with possession, written consent, retained legal control, or burden/inference. It accepts sub-letting as already established and decides the case through lease-termination/forfeiture reasoning."
280457,REJECT,False,NOT_RUN_DISCOVERY_GATE_BELOW_SIX,NOT_EVALUATED,"REJECT: wrong statute and procedural-only target. Similar statutory wording in the 1952 Act cannot establish applicability of the 1958 provision, and the judgment expressly states that the alleged subletting was never examined or found on the merits."
112400,REJECT,False,NOT_RUN_DISCOVERY_GATE_BELOW_SIX,NOT_EVALUATED,"REJECT: wrong surviving ground and target. The subletting allegation was resolved below against the landlord and expressly did not survive to the High Court; the Supreme Court analyzes s.14(1)(e) and s.39(2), not the fixed s.14(1)(b) elements."
1114159,REJECT,False,NOT_RUN_DISCOVERY_GATE_BELOW_SIX,NOT_EVALUATED,"REJECT: the opinion contains some possession-related facts from an earlier subletting dispute, but the target case is a substantive s.14(1)(e) decision. The prior sub-tenancy result is only historical background, with no independently supplied s.14(1)(b) rule/application capable of supporting an IRAC-native fixed-family target."
