case_id,seed,method,status,core_delivered,core_denominator,feasible_core_delivered,feasible_core_denominator,delivered_ids,missed_ids,irrelevant_selected,irrelevant_characters,unknown_selected,legal_characters,source_document_coverage,material_sha256,material_file
110204406,20261004,S,OK,2,5,2,5,LAW:S02:DRC:16;LAW:V09:KR_BURDEN,LAW:V09:AH_LICENCE;LAW:V09:CK_ASSIGNMENT_SCOPE;LAW:V21:TS:PAR16,LAW:V09:CEL_CONTROL,2106,,18955,"[2, 5]",d3e83590ec6b2a16068042daf989a200d82fa4bb096ce15a46d56a5872bc5235,materials/20261004-S-110204406.txt
110204406,20261004,B,OK,3,5,3,5,LAW:S02:DRC:16;LAW:V09:KR_BURDEN;LAW:V21:TS:PAR16,LAW:V09:AH_LICENCE;LAW:V09:CK_ASSIGNMENT_SCOPE,,0,,18900,"[3, 5]",e9162a1038dacbda0adf72cff3b2eff4c1575edd1893f1796a9049cb4f96c73b,materials/20261004-B-110204406.txt
110204406,20261004,C,OK,3,5,3,5,LAW:S02:DRC:16;LAW:V09:CK_ASSIGNMENT_SCOPE;LAW:V09:KR_BURDEN,LAW:V09:AH_LICENCE;LAW:V21:TS:PAR16,LAW:V09:CEL_CONTROL,2106,,19221,"[3, 5]",c205d778ed554e08bc36e626cfec07190c9838305adebdf643163dd8678a4cc4,materials/20261004-C-110204406.txt
172908545,20261004,S,OK,5,7,5,7,LAW:S02:DRC:16;LAW:V09:AH_CONSENT_SCOPE;LAW:V09:CEL_BURDEN;LAW:V09:CEL_CONTROL;LAW:V09:KR_BURDEN,LAW:V09:CK_ASSIGNMENT_SCOPE;LAW:V09:GD_COMMERCIAL_SUCCESSION,,0,,18955,"[4, 6]",d3e83590ec6b2a16068042daf989a200d82fa4bb096ce15a46d56a5872bc5235,materials/20261004-S-172908545.txt
172908545,20261004,B,OK,3,7,3,7,LAW:V09:CEL_CONTROL;LAW:V09:GD_COMMERCIAL_SUCCESSION;LAW:V09:KR_BURDEN,LAW:S02:DRC:16;LAW:V09:AH_CONSENT_SCOPE;LAW:V09:CEL_BURDEN;LAW:V09:CK_ASSIGNMENT_SCOPE,,0,,18629,"[3, 6]",030e64fa9c8363f548f798dcca3d4e2d433ad6593cec215d835929b4979e9b77,materials/20261004-B-172908545.txt
172908545,20261004,C,OK,3,7,3,7,LAW:S02:DRC:16;LAW:V09:CEL_BURDEN;LAW:V09:KR_BURDEN,LAW:V09:AH_CONSENT_SCOPE;LAW:V09:CEL_CONTROL;LAW:V09:CK_ASSIGNMENT_SCOPE;LAW:V09:GD_COMMERCIAL_SUCCESSION,,0,,19981,"[3, 6]",dd1c6bd637770c21ea5a84c42d222bc6f25dd2396e3298d51fb36027a1d156b8,materials/20261004-C-172908545.txt
58386394,20261004,S,OK,3,11,3,11,LAW:S02:DRC:16;LAW:V09:AH_CONSENT_SCOPE;LAW:V09:KR_BURDEN,LAW:S02:DRC:17;LAW:S02:DRC:18;LAW:V09:AH_LICENCE;LAW:V09:CK_ASSIGNMENT_SCOPE;LAW:V09:CK_REGULATORY_TRANSFER;LAW:V09:GL_CONCURRING_LIMIT;LAW:V09:GL_WRITTEN_CONSENT;LAW:V21:TS:PAR16,LAW:V09:CEL_CONTROL,2106,,18955,"[3, 6]",d3e83590ec6b2a16068042daf989a200d82fa4bb096ce15a46d56a5872bc5235,materials/20261004-S-58386394.txt
58386394,20261004,B,OK,3,11,3,11,LAW:V09:AH_LICENCE;LAW:V09:CK_REGULATORY_TRANSFER;LAW:V09:KR_BURDEN,LAW:S02:DRC:16;LAW:S02:DRC:17;LAW:S02:DRC:18;LAW:V09:AH_CONSENT_SCOPE;LAW:V09:CK_ASSIGNMENT_SCOPE;LAW:V09:GL_CONCURRING_LIMIT;LAW:V09:GL_WRITTEN_CONSENT;LAW:V21:TS:PAR16,,0,,19828,"[3, 6]",497f26c63904fdc879aa69549505f2bcbe0a0305e4b6e656e7b3bc07d4abe59b,materials/20261004-B-58386394.txt
58386394,20261004,C,OK,3,11,3,11,LAW:V09:AH_CONSENT_SCOPE;LAW:V09:AH_LICENCE;LAW:V09:KR_BURDEN,LAW:S02:DRC:16;LAW:S02:DRC:17;LAW:S02:DRC:18;LAW:V09:CK_ASSIGNMENT_SCOPE;LAW:V09:CK_REGULATORY_TRANSFER;LAW:V09:GL_CONCURRING_LIMIT;LAW:V09:GL_WRITTEN_CONSENT;LAW:V21:TS:PAR16,,0,,19030,"[2, 6]",4f07ff9176d5d4477831510955b0645a4f13287dd57a97ff7b7b262f00076744,materials/20261004-C-58386394.txt
890045,20261004,S,OK,2,5,2,5,LAW:S02:DRC:16;LAW:V09:AH_CONSENT_SCOPE,LAW:V09:CK_ASSIGNMENT_SCOPE;LAW:V09:CK_REGULATORY_TRANSFER;LAW:V21:GR:REPORTED_DELHI,LAW:V09:CEL_CONTROL;LAW:V09:HELP_GENUINENESS,5197,,18955,"[2, 4]",d3e83590ec6b2a16068042daf989a200d82fa4bb096ce15a46d56a5872bc5235,materials/20261004-S-890045.txt
890045,20261004,B,OK,3,5,3,5,LAW:S02:DRC:16;LAW:V09:CK_ASSIGNMENT_SCOPE;LAW:V09:CK_REGULATORY_TRANSFER,LAW:V09:AH_CONSENT_SCOPE;LAW:V21:GR:REPORTED_DELHI,,0,,19300,"[2, 4]",4320cc6d4e16d8b7e2b86a63461be7d38794bac7a28534f4e7b7920cafeb8570,materials/20261004-B-890045.txt
890045,20261004,C,OK,2,5,2,5,LAW:S02:DRC:16;LAW:V09:CK_REGULATORY_TRANSFER,LAW:V09:AH_CONSENT_SCOPE;LAW:V09:CK_ASSIGNMENT_SCOPE;LAW:V21:GR:REPORTED_DELHI,,0,,19699,"[2, 4]",02973d541390bd9915e83b7402ac042c32e0185cc99e7570215fc7497d74526c,materials/20261004-C-890045.txt
1908519,20261004,S,OK,0,1,0,1,,LAW:V09:AH_LICENCE,LAW:V09:AH_CONSENT_SCOPE,3541,LAW:V09:CEL_CONTROL;LAW:V09:HELP_GENUINENESS,18955,"[0, 1]",d3e83590ec6b2a16068042daf989a200d82fa4bb096ce15a46d56a5872bc5235,materials/20261004-S-1908519.txt
1908519,20261004,B,OK,0,1,0,1,,LAW:V09:AH_LICENCE,LAW:V21:GR:STATUTE,2376,LAW:V09:KR_PERMISSIVE_FAMILY,18534,"[0, 1]",48031222938b45564b96e449e1ee22311be953cd1251c943551fd1dc141c70bd,materials/20261004-B-1908519.txt
1908519,20261004,C,OK,0,1,0,1,,LAW:V09:AH_LICENCE,LAW:V21:GR:STATUTE,2376,LAW:V09:CEL_CONTROL,19755,"[0, 1]",3f72bf42368bd45a9d6d4858ef300abd63c470ea8743ddc66264a6e9252d24f9,materials/20261004-C-1908519.txt
869439,20261004,S,OK,4,6,4,6,LAW:S02:DRC:16;LAW:V09:AH_CONSENT_SCOPE;LAW:V09:HELP_GENUINENESS;LAW:V09:KR_BURDEN,LAW:V09:AH_LICENCE;LAW:V21:GR:REPORTED_DELHI,,0,,18955,"[4, 5]",d3e83590ec6b2a16068042daf989a200d82fa4bb096ce15a46d56a5872bc5235,materials/20261004-S-869439.txt
869439,20261004,B,OK,2,6,2,6,LAW:S02:DRC:16;LAW:V09:KR_BURDEN,LAW:V09:AH_CONSENT_SCOPE;LAW:V09:AH_LICENCE;LAW:V09:HELP_GENUINENESS;LAW:V21:GR:REPORTED_DELHI,LAW:V21:GR:STATUTE,2376,,18887,"[2, 5]",41d5f81a508220e445aba1a4c1ab95217f237162ac00d21203f24b47e45975d1,materials/20261004-B-869439.txt
869439,20261004,C,OK,2,6,2,6,LAW:V09:HELP_GENUINENESS;LAW:V09:KR_BURDEN,LAW:S02:DRC:16;LAW:V09:AH_CONSENT_SCOPE;LAW:V09:AH_LICENCE;LAW:V21:GR:REPORTED_DELHI,,0,,19278,"[2, 5]",21609f996261425ee081f6550a2f051c34115a3bd9c50353060f83e384c8d0ad,materials/20261004-C-869439.txt
110204406,20261005,S,OK,2,5,2,5,LAW:S02:DRC:16;LAW:V09:KR_BURDEN,LAW:V09:AH_LICENCE;LAW:V09:CK_ASSIGNMENT_SCOPE;LAW:V21:TS:PAR16,LAW:V09:CEL_CONTROL,2106,,18955,"[2, 5]",d3e83590ec6b2a16068042daf989a200d82fa4bb096ce15a46d56a5872bc5235,materials/20261005-S-110204406.txt
110204406,20261005,B,OK,3,5,3,5,LAW:S02:DRC:16;LAW:V09:KR_BURDEN;LAW:V21:TS:PAR16,LAW:V09:AH_LICENCE;LAW:V09:CK_ASSIGNMENT_SCOPE,,0,,18900,"[3, 5]",e9162a1038dacbda0adf72cff3b2eff4c1575edd1893f1796a9049cb4f96c73b,materials/20261005-B-110204406.txt
110204406,20261005,C,OK,3,5,3,5,LAW:S02:DRC:16;LAW:V09:AH_LICENCE;LAW:V09:KR_BURDEN,LAW:V09:CK_ASSIGNMENT_SCOPE;LAW:V21:TS:PAR16,LAW:V09:CEL_CONTROL,2106,,19052,"[3, 5]",74433100c117641720f0301d6701fd1b9c19d4d8c5323e8f7fcdfc0226c71c58,materials/20261005-C-110204406.txt
172908545,20261005,S,OK,5,7,5,7,LAW:S02:DRC:16;LAW:V09:AH_CONSENT_SCOPE;LAW:V09:CEL_BURDEN;LAW:V09:CEL_CONTROL;LAW:V09:KR_BURDEN,LAW:V09:CK_ASSIGNMENT_SCOPE;LAW:V09:GD_COMMERCIAL_SUCCESSION,,0,,18955,"[4, 6]",d3e83590ec6b2a16068042daf989a200d82fa4bb096ce15a46d56a5872bc5235,materials/20261005-S-172908545.txt
172908545,20261005,B,OK,3,7,3,7,LAW:V09:CEL_CONTROL;LAW:V09:CK_ASSIGNMENT_SCOPE;LAW:V09:KR_BURDEN,LAW:S02:DRC:16;LAW:V09:AH_CONSENT_SCOPE;LAW:V09:CEL_BURDEN;LAW:V09:GD_COMMERCIAL_SUCCESSION,,0,,19499,"[3, 6]",2b294f00b5fcae9cd146acbd57528ce911a79431a3b25a27a77725d62f83b821,materials/20261005-B-172908545.txt
172908545,20261005,C,OK,4,7,4,7,LAW:S02:DRC:16;LAW:V09:CEL_CONTROL;LAW:V09:CK_ASSIGNMENT_SCOPE;LAW:V09:KR_BURDEN,LAW:V09:AH_CONSENT_SCOPE;LAW:V09:CEL_BURDEN;LAW:V09:GD_COMMERCIAL_SUCCESSION,LAW:S02:DRC:18,1569,,19842,"[4, 6]",38063dc13b58101f10640344a4f0b446b25b7166deed4d36881e38c5bfdd98c0,materials/20261005-C-172908545.txt
58386394,20261005,S,OK,3,11,3,11,LAW:S02:DRC:16;LAW:V09:AH_CONSENT_SCOPE;LAW:V09:KR_BURDEN,LAW:S02:DRC:17;LAW:S02:DRC:18;LAW:V09:AH_LICENCE;LAW:V09:CK_ASSIGNMENT_SCOPE;LAW:V09:CK_REGULATORY_TRANSFER;LAW:V09:GL_CONCURRING_LIMIT;LAW:V09:GL_WRITTEN_CONSENT;LAW:V21:TS:PAR16,LAW:V09:CEL_CONTROL,2106,,18955,"[3, 6]",d3e83590ec6b2a16068042daf989a200d82fa4bb096ce15a46d56a5872bc5235,materials/20261005-S-58386394.txt
58386394,20261005,B,OK,4,11,4,11,LAW:V09:CK_ASSIGNMENT_SCOPE;LAW:V09:CK_REGULATORY_TRANSFER;LAW:V09:KR_BURDEN;LAW:V21:TS:PAR16,LAW:S02:DRC:16;LAW:S02:DRC:17;LAW:S02:DRC:18;LAW:V09:AH_CONSENT_SCOPE;LAW:V09:AH_LICENCE;LAW:V09:GL_CONCURRING_LIMIT;LAW:V09:GL_WRITTEN_CONSENT,,0,,18711,"[3, 6]",b16a6aae943fce0faf91ded8310817a2120f682f75af29cd58ea713e4008f574,materials/20261005-B-58386394.txt
58386394,20261005,C,OK,3,11,3,11,LAW:S02:DRC:16;LAW:V09:AH_CONSENT_SCOPE;LAW:V09:KR_BURDEN,LAW:S02:DRC:17;LAW:S02:DRC:18;LAW:V09:AH_LICENCE;LAW:V09:CK_ASSIGNMENT_SCOPE;LAW:V09:CK_REGULATORY_TRANSFER;LAW:V09:GL_CONCURRING_LIMIT;LAW:V09:GL_WRITTEN_CONSENT;LAW:V21:TS:PAR16,,0,,19844,"[3, 6]",b8db4ca940f955a3f00ea9feadf312f46d60ae9e5d7ebc2b06502b1440a0be2f,materials/20261005-C-58386394.txt
890045,20261005,S,OK,2,5,2,5,LAW:S02:DRC:16;LAW:V09:AH_CONSENT_SCOPE,LAW:V09:CK_ASSIGNMENT_SCOPE;LAW:V09:CK_REGULATORY_TRANSFER;LAW:V21:GR:REPORTED_DELHI,LAW:V09:CEL_CONTROL;LAW:V09:HELP_GENUINENESS,5197,,18955,"[2, 4]",d3e83590ec6b2a16068042daf989a200d82fa4bb096ce15a46d56a5872bc5235,materials/20261005-S-890045.txt
890045,20261005,B,OK,3,5,3,5,LAW:S02:DRC:16;LAW:V09:CK_ASSIGNMENT_SCOPE;LAW:V09:CK_REGULATORY_TRANSFER,LAW:V09:AH_CONSENT_SCOPE;LAW:V21:GR:REPORTED_DELHI,,0,,19300,"[2, 4]",4320cc6d4e16d8b7e2b86a63461be7d38794bac7a28534f4e7b7920cafeb8570,materials/20261005-B-890045.txt
890045,20261005,C,OK,2,5,2,5,LAW:S02:DRC:16;LAW:V09:CK_REGULATORY_TRANSFER,LAW:V09:AH_CONSENT_SCOPE;LAW:V09:CK_ASSIGNMENT_SCOPE;LAW:V21:GR:REPORTED_DELHI,,0,,19087,"[2, 4]",49af962fbf7e419d7d8d69729cefcf7118945b0e8b36b398e854de3c81cf73f0,materials/20261005-C-890045.txt
1908519,20261005,S,OK,0,1,0,1,,LAW:V09:AH_LICENCE,LAW:V09:AH_CONSENT_SCOPE,3541,LAW:V09:CEL_CONTROL;LAW:V09:HELP_GENUINENESS,18955,"[0, 1]",d3e83590ec6b2a16068042daf989a200d82fa4bb096ce15a46d56a5872bc5235,materials/20261005-S-1908519.txt
1908519,20261005,B,OK,0,1,0,1,,LAW:V09:AH_LICENCE,LAW:V21:GR:STATUTE,2376,LAW:V09:KR_PERMISSIVE_FAMILY,18534,"[0, 1]",48031222938b45564b96e449e1ee22311be953cd1251c943551fd1dc141c70bd,materials/20261005-B-1908519.txt
1908519,20261005,C,OK,1,1,1,1,LAW:V09:AH_LICENCE,,LAW:V09:DRC14_4,1529,LAW:V09:CEL_CONTROL;LAW:V09:KR_PERMISSIVE_FAMILY,19262,"[1, 1]",be705c6f1ca7ee124a37bba97efb241ed7c2ddb806cd7c8bdd347a7466f327d3,materials/20261005-C-1908519.txt
869439,20261005,S,OK,4,6,4,6,LAW:S02:DRC:16;LAW:V09:AH_CONSENT_SCOPE;LAW:V09:HELP_GENUINENESS;LAW:V09:KR_BURDEN,LAW:V09:AH_LICENCE;LAW:V21:GR:REPORTED_DELHI,,0,,18955,"[4, 5]",d3e83590ec6b2a16068042daf989a200d82fa4bb096ce15a46d56a5872bc5235,materials/20261005-S-869439.txt
869439,20261005,B,OK,2,6,2,6,LAW:S02:DRC:16;LAW:V09:KR_BURDEN,LAW:V09:AH_CONSENT_SCOPE;LAW:V09:AH_LICENCE;LAW:V09:HELP_GENUINENESS;LAW:V21:GR:REPORTED_DELHI,LAW:V21:GR:STATUTE,2376,,18887,"[2, 5]",41d5f81a508220e445aba1a4c1ab95217f237162ac00d21203f24b47e45975d1,materials/20261005-B-869439.txt
869439,20261005,C,OK,2,6,2,6,LAW:V09:AH_LICENCE;LAW:V09:KR_BURDEN,LAW:S02:DRC:16;LAW:V09:AH_CONSENT_SCOPE;LAW:V09:HELP_GENUINENESS;LAW:V21:GR:REPORTED_DELHI,,0,,19109,"[2, 5]",f2aa42bf4368af0cde6a1789a66e7ce6bdb855f7b9def80fa3f34c9839ec0906,materials/20261005-C-869439.txt
