case_id,accepted_uses,directional_preferences,abstentions,isolated_labels,review_rejected_graph_records,graph_quarantine,graph_pending,graph_nodes,direction_cycle_count,graph_status,labels_status
38604742,13,7,8,2,10,19,9,89,0,PROVISIONAL_SOURCE_REVIEWED,REVIEWED_WITH_ISOLATION
308216,13,8,5,4,1,3,7,124,0,PROVISIONAL_SOURCE_REVIEWED,REVIEWED_WITH_ISOLATION
1106992,12,7,5,6,2,2,5,113,0,PROVISIONAL_SOURCE_REVIEWED,REVIEWED_WITH_ISOLATION
758831,12,6,8,4,1,1,0,100,0,PROVISIONAL_SOURCE_REVIEWED,REVIEWED_WITH_ISOLATION
1497837,10,10,6,4,3,14,2,116,0,PROVISIONAL_SOURCE_REVIEWED,REVIEWED_WITH_ISOLATION
1381386,13,9,6,2,1,11,5,99,0,PROVISIONAL_SOURCE_REVIEWED,REVIEWED_WITH_ISOLATION
115676081,7,8,8,7,4,5,5,113,0,PROVISIONAL_SOURCE_REVIEWED,REVIEWED_WITH_ISOLATION
1843439,14,8,7,1,1,10,1,104,0,PROVISIONAL_SOURCE_REVIEWED,REVIEWED_WITH_ISOLATION
1859043,6,10,6,8,1,1,0,111,0,PROVISIONAL_SOURCE_REVIEWED,REVIEWED_WITH_ISOLATION
111425525,13,7,9,1,5,7,7,114,0,PROVISIONAL_SOURCE_REVIEWED,REVIEWED_WITH_ISOLATION
